point_id,depth,init_id,config_id,E,L,R,block_index,qubit_index,is_terminal_block,chain_rule_grad,fd_grad_h1e-03,rel_err_h1e-03,fd_grad_h1e-04,rel_err_h1e-04,fd_grad_h1e-05,rel_err_h1e-05,convergence_ratio_1,convergence_ratio_2
0,1,0,1,0,0,0,1,0,True,-5.5993525219566465e-05,-5.59935158794822e-05,1.668065053047009e-07,-5.5993525371889064e-05,2.720360941399411e-09,-5.599352648211208e-05,2.2548064474895366e-08,61.31778425655977,0.1206472043056385
0,1,0,1,0,0,0,1,1,True,-0.0037561872424515252,-0.0037561866164104174,1.6666930252239738e-07,-0.003756187236247932,1.6515665472121487e-09,-0.003756187239023489,9.126371625123278e-10,100.91588667967142,1.809663922369411
0,1,0,1,0,0,0,1,2,True,0.0007252288433407528,0.0007252287224646103,1.6667310399833773e-07,0.0007252288419801189,1.8761441168854055e-09,0.0007252288436454534,4.201440738133904e-10,88.8381135000612,4.465477996290164
0,1,0,1,0,0,0,1,3,True,0.00019226921154968935,0.00019226917952197553,1.6657744397162304e-07,0.00019226921110782058,2.2981774369351765e-09,0.00019226921166293207,5.889800061797498e-10,72.48241206030151,3.9019617182621302
1,1,0,2,1,0,0,1,0,True,0.00012232738266310106,0.00012232736223971585,1.669567741958134e-07,0.000122327382112708,4.499344729493198e-09,0.00012232738155759648,9.037261753692086e-09,37.10690872415532,0.4978659302033643
1,1,0,2,1,0,0,1,1,True,0.0016874687655550336,0.0016874684843348753,1.6665206729255783e-07,0.0016874687630563656,1.480719519214051e-09,0.0016874687647217,4.938364704190428e-10,112.54803163600818,2.9984004987675226
1,1,0,2,1,0,0,1,2,True,0.0007295701790679399,0.0007295700574783126,1.6665926149947532e-07,0.0007295701776044439,2.0059701356359796e-09,0.0007295701764942207,3.5277197423204744e-09,83.08162646032469,0.5686308103138846
1,1,0,2,1,0,0,1,3,True,-0.00046223931470212865,-0.00046223923766408603,1.6666267918270055e-07,-0.00046223931404743013,1.4163626865952514e-09,-0.0004622393190434337,9.391899176250766e-09,117.66949296252332,0.15080684534782893
2,1,0,3,0,1,0,1,0,True,0.16105075392188628,0.16105072708005874,1.6666688534376755e-07,0.16105075365313581,1.6687315009778556e-09,0.16105075391625867,3.494308069027724e-11,99.87639428278477,47.75570636627276
2,1,0,3,0,1,0,1,1,True,-0.01477617856589114,-0.014776176103237226,1.6666378950039455e-07,-0.014776178541286988,1.6651228150338285e-09,-0.014776178569597674,2.508451916448062e-10,100.09098908239308,6.638049564018045
2,1,0,3,0,1,0,1,2,True,-0.02026321692523836,-0.020263213548032954,1.6666679415615723e-07,-0.020263216892191238,1.6308921094575213e-09,-0.020263216926608152,6.759998537430675e-11,102.1936357344908,24.12562814070352
2,1,0,3,0,1,0,1,3,True,-0.006393131695137,-0.006393130629667176,1.666585132745935e-07,-0.006393131684045983,1.734833180761683e-09,-0.00639313170180955,1.043706097594307e-09,96.06601667684362,1.6621855374423806
3,1,0,5,1,1,0,1,0,True,0.09079613891557337,0.09079612378287694,1.666667394672752e-07,0.09079613876417092,1.6674987278538733e-09,0.09079613891294079,2.899434651320222e-11,99.95014489862962,57.511167809717605
3,1,0,5,1,1,0,1,1,True,0.06547700141052656,0.06547699049769262,1.666666723730217e-07,0.06547700130143941,1.6660377479882691e-09,0.06547700140968615,1.2835210164809369e-11,100.03775279057797,129.802140097097
3,1,0,5,1,1,0,1,2,True,0.1268789737205278,0.1268789525740166,1.6666678952927346e-07,0.12687897350927013,1.6650329981633024e-09,0.12687897371632673,3.311095449459722e-11,100.09819007378445,50.28646934460888
3,1,0,5,1,1,0,1,3,True,0.013084904948013176,0.013084902767190876,1.6666703420378163e-07,0.013084904926241592,1.6638702857759466e-09,0.01308490494844605,3.308195392306618e-11,100.16828573031245,50.295405454144706
4,1,1,1,0,0,0,1,0,True,-0.003035063104826985,-0.0030350625989661317,1.6667226865942456e-07,-0.003035063099732227,1.6786332846756545e-09,-0.0030350631063935647,5.161605248750707e-10,99.29045860164089,3.2521535525831697
4,1,1,1,0,0,0,1,1,True,-9.080113973602977e-06,-9.080112439718846e-06,1.689278499456404e-07,-9.08011443812029e-06,5.115765229969307e-08,-9.08011443812029e-06,5.115765229969307e-08,3.3021032504780115,1.0
4,1,1,1,0,0,0,1,2,True,-0.0013352752620045538,-0.0013352750394268753,1.6669048311144852e-07,-0.0013352752598061457,1.646408186212624e-09,-0.001335275257030588,3.7250490907378666e-09,101.24493093957528,0.4419829500519414
4,1,1,1,0,0,0,1,3,True,0.005330078605638167,0.00533007771730265,1.666646182888235e-07,0.0053300785968213304,1.6541662520200389e-09,0.005330078606258225,1.1633199766238207e-10,100.75445444815212,14.219357401742114
5,1,1,2,1,0,0,1,0,True,0.016878265156853922,0.01687826234381129,1.6666657420200882e-07,0.01687826512886126,1.6585036129243628e-09,0.016878265157727057,5.1731317739245965e-11,100.49213815587254,32.05995295314388
5,1,1,2,1,0,0,1,1,True,-0.017128805980788586,-0.017128803125987524,1.6666667048567446e-07,-0.01712880595194921,1.6836769220583038e-09,-0.017128805979149675,9.568158053689408e-11,98.98969826225544,17.596667118276656
5,1,1,2,1,0,0,1,2,True,-0.040100988257161296,-0.04010098157369857,1.6666578601097885e-07,-0.040100988190072684,1.6729914986875517e-09,-0.04010098825779629,1.5834823193439887e-11,99.62141836448471,105.6526794300201
5,1,1,2,1,0,0,1,3,True,0.03870061714667844,0.03870061069655151,1.66667288744266e-07,0.038700617082110256,1.668401924650906e-09,0.038700617144282745,6.190327003333097e-11,99.89636566688762,26.95175753643673
6,1,1,3,0,1,0,1,0,True,0.005280557946543585,0.005280557066444924,1.6666774032698307e-07,0.0052805579375814204,1.6972002645762731e-09,0.005280557946463205,1.522190416175142e-11,98.20157573955701,111.49723756906077
6,1,1,3,0,1,0,1,1,True,0.003737871555061889,0.003737870932052356,1.6667494419603353e-07,0.0037378715495028914,1.4872093983733957e-09,0.0037378715567193406,4.434212078629289e-10,112.07227736614009,3.353942869672405
6,1,1,3,0,1,0,1,2,True,-0.2117423646363804,-0.21174232934606518,1.6666629413649766e-07,-0.21174236428278537,1.6699305438587504e-09,-0.21174236462528914,5.238095273437667e-11,99.80432704187666,31.880491985836013
6,1,1,3,0,1,0,1,3,True,-0.07851093025080005,-0.07851091716565284,1.6666656698581186e-07,-0.07851093011990162,1.6672637881782915e-09,-0.07851093025701417,7.914964881966848e-11,99.96412575356018,21.064702282848042
7,1,1,5,1,1,0,1,0,True,0.18964168525641617,0.18964165364945829,1.6666672119873435e-07,0.18964168494089995,1.6637493166753085e-09,0.1896416852553706,5.5134517898985054e-12,100.17538070686429,301.7618327095113
7,1,1,5,1,1,0,1,1,True,0.057233904175238964,0.0572338946362716,1.66666375524371e-07,0.05723390408024498,1.6597502174510714e-09,0.057233904171560816,6.426519589926394e-11,100.41654085777172,25.826579911975053
7,1,1,5,1,1,0,1,2,True,-0.1490583626200766,-0.14905833777709154,1.6666616096759969e-07,-0.14905836237116832,1.6698713074438554e-09,-0.14905836261125405,5.918858656139024e-11,99.80778771672101,28.212724858902806
7,1,1,5,1,1,0,1,3,True,-0.05890859746228272,-0.05890858764417972,1.666667247265285e-07,-0.05890859736401577,1.6681257807150204e-09,-0.05890859745838472,6.617030698869707e-11,99.91256454000067,25.20958201085515
8,6,0,1,0,0,0,1,0,False,0.0005334628435956045,0.0005334627751207854,1.2835911599931254e-07,0.0005334628427888788,1.5122434133755124e-09,0.0005334628405684327,5.674569010945226e-09,84.8799306143442,0.26649484929316497
8,6,0,1,0,0,0,1,1,False,-5.317243991067976e-05,-5.317242440794345e-05,2.915558574053812e-07,-5.3172439784532344e-05,2.37242108219662e-09,-5.317243867430931e-05,2.325209170228472e-08,122.89380649721346,0.10203043719991475
8,6,0,1,0,0,0,1,2,False,0.0006179601182212062,0.0006179599771893862,2.2822155646123543e-07,0.000617960116966465,2.0304566170342662e-09,0.0006179601219624686,6.054213353568634e-09,112.39912960789151,0.33537909856404724
8,6,0,1,0,0,0,1,3,False,-6.209873018582434e-05,-6.209871356022134e-05,2.677285500713572e-07,-6.209873004703326e-05,2.2350067034265588e-09,-6.20987317123678e-05,2.4582522929697744e-08,119.78870115283956,0.090918524100164
8,6,0,1,0,0,0,2,0,False,-0.0001997793589911558,-0.00019977940163284913,2.1344393901835203e-07,-0.00019977935916681844,8.792831582228581e-10,-0.00019977935972192992,3.6579059749678986e-09,242.74767123909106,0.24037882992073753
8,6,0,1,0,0,0,2,1,False,0.0007337666123300643,0.0007337666935725018,1.1071972492128536e-07,0.0007337666130258214,9.48199366612881e-10,0.0007337666141360443,2.4612457461414397e-09,116.76840211019528,0.38525180514761614
8,6,0,1,0,0,0,2,2,False,-0.00019939423331710867,-0.0001993945075717818,1.375439342222066e-06,-0.00019939423612225227,1.4068328602287802e-08,-0.0001993942344569177,5.716359057640505e-09,97.76849696263072,2.461064544831911
8,6,0,1,0,0,0,2,3,False,0.0001444935225598302,0.00014449359914125992,5.29999050281079e-07,0.0001444935232575162,4.828493229233402e-09,0.00014449352270240468,9.86718854311342e-10,109.76489457876377,4.893484307243059
8,6,0,1,0,0,0,3,0,False,0.000428937205215648,0.0004289372089183452,8.632259269606874e-09,0.00042893720519909806,3.8583658612477706e-11,0.00042893720242354044,6.509362089636173e-09,223.72837569154876,0.0059274101027362355
8,6,0,1,0,0,0,3,1,False,0.001212599697343505,0.0012126011889046495,1.2300523807059324e-06,0.0012125997117529153,1.1883072648350395e-08,0.001212599698430239,8.962017752267695e-10,103.51299004106383,13.259371914704781
8,6,0,1,0,0,0,3,2,False,0.00015906544350276848,0.00015906543321397848,6.468274802936722e-08,0.00015906544359456376,5.770912647943835e-10,0.00015906544414967527,4.0669222430917955e-09,112.08408786505123,0.14189877020015546
8,6,0,1,0,0,0,3,3,False,-0.0006340813544646136,-0.0006340814336369682,1.248615088516827e-07,-0.0006340813551997115,1.1593117479754094e-09,-0.0006340813540894885,5.916039930537098e-10,107.70313426887758,1.9596077132463834
8,6,0,1,0,0,0,4,0,False,0.0004242132805172604,0.0004242132148890576,1.5470567709768656e-07,0.00042421328005914916,1.0799078477654747e-09,0.0004242132811693721,1.537226083216856e-09,143.25822098413366,0.7025042442069547
8,6,0,1,0,0,0,4,1,False,0.0033276908184008956,0.0033276905140877666,9.144873894734939e-08,0.0033276908156798513,8.176974540317339e-10,0.0033276908173451854,3.1725008853485955e-10,111.83688844382824,2.5774538245460095
8,6,0,1,0,0,0,4,2,False,-0.0011565501869722438,-0.0011565499956067704,1.6546231675582122e-07,-0.0011565501850663296,1.6479304140810706e-09,-0.0011565501889521101,1.7118724115625895e-09,100.40613083052259,0.9626479187060718
8,6,0,1,0,0,0,4,3,False,-3.0072418740334077e-06,-3.0072414558546257e-06,1.3905724897569934e-07,-3.007242233010743e-06,1.1937095526956253e-07,-3.0072389023416686e-06,9.881784916366777e-07,1.164916948697289,0.12079898143892358
8,6,0,1,0,0,0,5,0,False,0.004841182268108634,0.004841181455494947,1.6785438791742325e-07,0.004841182260073573,1.6597310365977409e-09,0.004841182271730915,7.482224576049192e-10,101.13348742426699,2.2182320508135853
8,6,0,1,0,0,0,5,1,False,-0.007523281842388148,-0.00752328105074751,1.0522543939950003e-07,-0.007523281834731499,1.017727225022879e-09,-0.007523281841947948,5.851169330606762e-11,103.39257594011451,17.393569857896107
8,6,0,1,0,0,0,5,2,False,-0.0007545694053653878,-0.000754569323246912,1.0882826056932166e-07,-0.000754569404737282,8.324030271965293e-10,-0.0007545694069577279,2.1102632471601437e-09,130.73986640323383,0.39445459153815227
8,6,0,1,0,0,0,5,3,False,0.0015719080941327555,0.0015719079160536609,1.132884901610004e-07,0.0015719080920240103,1.3415194316635167e-09,0.0015719080925791216,9.883745515371714e-10,84.44789355046457,1.3572986370168232
8,6,0,1,0,0,0,6,0,True,-0.0263839780391395,-0.02638397364179701,1.6666715245189376e-07,-0.026383977995148022,1.6673557362156584e-09,-0.026383978041222274,7.894089820951694e-11,99.95896426408237,21.121570365089227
8,6,0,1,0,0,0,6,1,True,-0.011402644402201678,-0.011402642501767701,1.6666607409827075e-07,-0.011402644383151639,1.6706685442289711e-09,-0.011402644400915206,1.1282230850411135e-10,99.7601078167116,14.807962772434234
8,6,0,1,0,0,0,6,2,True,0.005416332014083147,0.005416331111340877,1.6667040858624672e-07,0.005416332005125923,1.6537434980415932e-09,0.005416332016228153,3.960254876894567e-10,100.78371209538979,4.175851174857654
8,6,0,1,0,0,0,6,3,True,0.007588548324872324,0.00758854706006673,1.6667293129663704e-07,0.0075885483125093245,1.6291652874496123e-09,0.007588548323056442,2.3929236116041945e-10,102.305722188297,6.808262827735795
9,6,0,2,1,0,0,1,0,False,6.686845648564433e-05,6.686675158018573e-05,2.549640814510343e-05,6.686843911918317e-05,2.5971081244512605e-07,6.686845521741702e-05,1.8966002363846175e-08,98.17230135726649,13.693492569641252
9,6,0,2,1,0,0,1,1,False,2.776894730658292e-05,2.7768381927195662e-05,2.0360130364923848e-05,2.7768941590622376e-05,2.058400155425674e-07,2.7768942700845397e-05,1.6585927702267994e-07,98.91240199947129,1.2410521692701
9,6,0,2,1,0,0,1,2,False,-5.47767146631258e-05,-5.4776960967117816e-05,4.4965090281140566e-06,-5.4776717051119306e-05,4.359504796357267e-08,-5.4776710944892664e-05,6.787981283754745e-08,103.1426558326365,0.6422387767613029
9,6,0,2,1,0,0,1,3,False,1.0357944288509164e-05,1.0357657120874109e-05,2.7724384979969494e-05,1.0357941171434959e-05,3.009356025225941e-07,1.0357947832773105e-05,3.4217831665988207e-07,92.12730148101356,0.8794701121337202
9,6,0,2,1,0,0,2,0,False,-5.790232309351145e-06,-5.790512902503764e-06,4.8459740063498966e-05,-5.790234958169549e-06,4.5746323498006683e-07,-5.790234958169548e-06,4.574632348337803e-07,105.9314418252879,1.0000000003197778
9,6,0,2,1,0,0,2,1,False,4.855085805225433e-05,4.8549929132502e-05,1.9132921427062806e-05,4.855084889676675e-05,1.8857519613138294e-07,4.855085777855094e-05,5.6374573036633625e-09,101.46043498601288,33.450398996164814
9,6,0,2,1,0,0,2,2,False,4.2037282001000084e-05,4.2037372305347986e-05,2.148196638886323e-06,4.2037282543816445e-05,1.2912736877424221e-08,4.2037279213147365e-05,6.631857690191325e-08,166.3626123011992,0.19470768946870595
9,6,0,2,1,0,0,2,3,False,4.511391551864697e-05,4.511390289119177e-05,2.7990155708590994e-07,4.51139153812008e-05,3.046646944702918e-09,4.511391815675835e-05,5.8476666269806345e-08,91.87200294821277,0.052100216018573106
9,6,0,2,1,0,0,3,0,False,2.774800577056573e-07,2.7737834251695404e-07,0.00036656756360901736,2.7747915076759e-07,3.2684801739884846e-06,2.774835916596885e-07,1.2735884735043624e-05,112.1522983453498,0.25663550212534875
9,6,0,2,1,0,0,3,1,False,0.00027351014666377317,0.0002735048824642483,1.9246816211646266e-05,0.00027351009401765936,1.924832202974774e-07,0.00027351014786347605,4.386319465933697e-09,99.99217688638444,43.88262683381734
9,6,0,2,1,0,0,3,2,False,7.59035158148728e-07,7.590348349850728e-07,4.257558449928195e-07,7.590350570296778e-07,1.3322050912432852e-07,7.590372774757269e-07,2.7921328494210897e-06,3.1958731263778715,0.047712811785424164
9,6,0,2,1,0,0,3,3,False,4.93096267857643e-05,4.930522479185129e-05,8.927250518723637e-05,4.9309582528245244e-05,8.975431764859433e-07,4.930962860250076e-05,3.684344370379575e-08,99.4631874276574,24.361001205581527
9,6,0,2,1,0,0,4,0,False,0.00027722808694810553,0.00027722778217498245,1.0993587498114698e-06,0.00027722808382257824,1.1274208625999623e-08,0.0002772280904839164,1.2754158128188162e-08,97.51094611432168,0.88396337199884
9,6,0,2,1,0,0,4,1,False,3.346985929384638e-05,3.346985966157234e-05,1.0986779505859255e-08,3.346985910646083e-05,5.598635671390643e-09,3.346985466556873e-05,1.3828195708938982e-07,1.9624030122199847,0.0404871017827113
9,6,0,2,1,0,0,4,2,False,-0.00023604044813219994,-0.00023603766519109115,1.179010263202173e-05,-0.00023604042054259367,1.1688507834417127e-07,-0.00023604044274705413,2.2814504249336672e-08,100.86918534892413,5.123279343120931
9,6,0,2,1,0,0,4,3,False,-2.5548256156462115e-06,-2.554538358623404e-06,0.00011243703720852239,-2.5548224646954054e-06,1.2333330254811392e-06,-2.554828570922041e-06,1.1567426798988017e-06,91.16518805993964,1.0662120858106818
9,6,0,2,1,0,0,5,0,False,-0.0011781167790081537,-0.0011781166167623702,1.3771621482899736e-07,-0.001178116777467153,1.3080202612335524e-09,-0.0011781167819080451,2.4614635264766735e-09,105.2859951107497,0.5313994081829221
9,6,0,2,1,0,0,5,1,False,0.0015241633148802762,0.0015241625093143085,5.285299546314882e-07,0.0015241633066764848,5.382488411032202e-09,0.0015241633177787148,1.9016588460373047e-09,98.19435069255108,2.8304174653872773
9,6,0,2,1,0,0,5,2,False,2.4495894345588135e-05,2.4495710626570855e-05,7.499992230892443e-06,2.449589253661344e-05,7.38480771642882e-08,2.4495894201947973e-05,5.8638464170838136e-09,101.5597496764523,12.59379456957436
9,6,0,2,1,0,0,5,3,False,0.0015109519204619373,0.0015109372937249788,9.680478088334447e-06,0.0015109517742528666,9.676619665732473e-08,0.0015109519191369711,8.769082328144001e-10,100.0398736618288,110.34928517748965
9,6,0,2,1,0,0,6,0,True,0.01658336641987823,0.016583363656008654,1.6666516964467714e-07,0.01658336639231983,1.6618097501253816e-09,0.016583366418965184,5.50580257550887e-11,100.2913658630914,30.182879377431906
9,6,0,2,1,0,0,6,1,True,-0.005848202130227187,-0.005848201155511656,1.666692615620632e-07,-0.0058482021209060875,1.5938401649402852e-09,-0.005848202128122536,3.598799440028738e-10,104.57087556725466,4.428810750641769
9,6,0,2,1,0,0,6,2,True,0.009899074121628437,0.00989907247178623,1.666663151548312e-07,0.0098990741054239,1.6369750860100558e-09,0.009899074121522133,1.073876741417624e-11,101.81359299796173,152.4360313315927
9,6,0,2,1,0,0,6,3,True,-0.0011316872707618497,-0.001131687082100985,1.6670759633212228e-07,-0.001131687268896009,1.6487247523151494e-09,-0.0011316872716715665,8.038587778454322e-10,101.11305486135903,2.0510129362948497
10,6,0,3,0,1,0,1,0,False,0.0009735494736754678,0.0009735493181894928,1.59710399123016e-07,0.0009735494724272264,1.2821549848398956e-09,0.0009735494743701166,7.135219039151879e-10,124.56403555843076,1.7969385071495965
10,6,0,3,0,1,0,1,1,False,-9.713636526933221e-05,-9.713633736252447e-05,2.8729516139745487e-07,-9.713636478503318e-05,4.9857643739369154e-09,-9.713636284214287e-05,2.4987442440225015e-08,57.62309243880244,0.19953079975527174
10,6,0,3,0,1,0,1,2,False,0.0011291050391811163,0.0011291047598838144,2.4736166448125724e-07,0.0011291050364126143,2.451943717754622e-09,0.0011291050372452816,1.71448596176696e-09,100.88390801554765,1.4301334466615483
10,6,0,3,0,1,0,1,3,False,-0.00011346406589234815,-0.0001134640358335659,2.6491895922373724e-07,-0.00011346406564305411,2.1971188177364137e-09,-0.0001134640631450523,2.4212915619246864e-08,120.57561797985534,0.0907416046991847
10,6,0,3,0,1,0,2,0,False,-0.0003670405510542313,-0.0003670406225619871,1.948224947358093e-07,-0.00036704055184078044,2.1429489322361863e-09,-0.00036704055073055736,8.818478528776921e-10,90.91326993616703,2.4300665077804555
10,6,0,3,0,1,0,2,1,False,0.0013396374048857838,0.0013396375054264276,7.505063935144084e-08,0.0013396374057284,6.289882033533316e-10,0.0013396374037855094,8.21322532110275e-10,119.31962944825125,0.7658236305014465
10,6,0,3,0,1,0,2,2,False,-0.0003652824141928051,-0.0003652828969302746,1.3215458800154863e-06,-0.0003652824193123294,1.4015249916102937e-08,-0.00036528241542654877,3.377506380091523e-09,94.29342237394462,4.149585030753712
10,6,0,3,0,1,0,2,3,False,0.0002640425134173551,0.0002640426454425526,5.000149249260523e-07,0.0002640425147970582,5.22530664870198e-09,0.00026404251562972547,8.378841500692741e-09,95.69102036341948,0.623631160497542
10,6,0,3,0,1,0,3,0,False,0.000782486896062555,0.0007824868431260956,6.765156020801973e-08,0.0007824868958339337,2.9217264600023955e-10,0.0007824868974992681,1.8360859061843639e-09,231.54652269522953,0.15912798252855936
10,6,0,3,0,1,0,3,1,False,0.0022219766362314266,0.002221979057193124,1.089553174471057e-06,0.0022219766607212144,1.1021622551070558e-08,0.002221976641569867,2.4025637983802017e-09,98.85596874892309,4.587442197581304
10,6,0,3,0,1,0,3,2,False,0.0002896741791544888,0.000289674168901799,3.539386851927487e-08,0.00028967417908809523,2.2920082031760587e-10,0.00028967417631253767,9.810854144284162e-09,154.4229574319552,0.023361963897010847
10,6,0,3,0,1,0,3,3,False,-0.0011523592178191364,-0.0011523593923257192,1.5143418831275675e-07,-0.0011523592194362386,1.4032970452321934e-09,-0.0011523592136075678,3.654735892025819e-09,107.91313843869744,0.38396674525620683
10,6,0,3,0,1,0,4,0,False,0.0007527629759162087,0.0007527628520243024,1.645828902940595e-07,0.0007527629750092579,1.2048290880559493e-09,0.0007527629741765906,2.3109772429590545e-09,136.60268657658494,0.5213504770446138
10,6,0,3,0,1,0,4,1,False,0.0060731733049246735,0.00607317234715965,1.577042141648995e-07,0.00607317329537338,1.5727023261324606e-09,0.006073173300369382,7.500676847991959e-10,100.27594640412383,2.09674721095803
10,6,0,3,0,1,0,4,2,False,-0.0021006011556777785,-0.0021006007959734063,1.7123877668002306e-07,-0.0021006011521884638,1.661102932602223e-09,-0.002100601154131354,7.361818509192357e-10,103.08739652380642,2.2563758268803853
10,6,0,3,0,1,0,4,3,False,-5.883371413507518e-06,-5.8833705407490555e-06,1.4834325446773905e-07,-5.883371567705353e-06,2.620909410921816e-08,-5.8833715677053525e-06,2.6209093965247486e-08,5.6599916750104065,1.0000000054931573
10,6,0,3,0,1,0,5,0,False,0.006529649569022095,0.006529648314018699,1.9220072732513837e-07,0.006529649556608064,1.901178842296027e-09,0.006529649568265405,1.1588534867470661e-10,101.09555347934561,16.405687725311065
10,6,0,3,0,1,0,5,1,False,-0.013615301655290957,-0.013615299045116602,1.917088890512725e-07,-0.013615301629188448,1.917145113929206e-09,-0.0136153016583318,2.233401576814799e-10,99.99706733642266,8.583969554921568
10,6,0,3,0,1,0,5,2,False,-0.0011719568867924312,-0.0011719567254986352,1.37627755632842e-07,-0.001171956885148706,1.402547401804395e-09,-0.001171956889867154,2.6235801015468556e-09,98.1269905429094,0.5345929407596348
10,6,0,3,0,1,0,5,3,False,0.0030547531225367823,0.003054752669845451,1.4819244413876367e-07,0.003054753117959219,1.4985051070561851e-09,0.003054753119902109,8.624832154410271e-10,98.89351957557747,1.7374310366027599
10,6,0,3,0,1,0,6,0,True,0.00803836063973501,0.008038359300022169,1.666649333997336e-07,0.00803836062657215,1.6375054916099175e-09,0.008038360641005049,1.5799734372975528e-10,101.77977066560955,10.364133047773066
10,6,0,3,0,1,0,6,1,True,-0.03181332479894164,-0.03181331949672628,1.666664957128298e-07,-0.03181332474566645,1.6746187376495377e-09,-0.03181332479396115,1.5655352829421205e-10,99.52503932134408,10.696780557397696
10,6,0,3,0,1,0,6,2,True,0.15776645332712763,0.15776642703271837,1.666666690321705e-07,0.1577664530647005,1.6633899669002505e-09,0.15776645332366002,2.197941964742598e-11,100.19699069290172,75.67943073943042
10,6,0,3,0,1,0,6,3,True,-0.03302034292732123,-0.03302033742397237,1.6666540599144508e-07,-0.03302034287194777,1.676949750113357e-09,-0.033020342929401814,6.300920945317228e-11,99.38604658856293,26.6143594669228
11,6,0,5,1,1,0,1,0,False,-0.04497180237310117,-0.04497180280341184,9.568455039265582e-09,-0.04497180237678089,8.182274358042298e-11,-0.04497180237095221,4.7784643951419916e-11,116.94126376807222,1.7123229727024392
11,6,0,5,1,1,0,1,1,False,-0.0156838288182406,-0.015683834369478733,3.539466157594927e-07,-0.015683828873402916,3.5171459932869706e-09,-0.015683828824553103,4.024847935489578e-10,100.63461011713923,8.738581058613706
11,6,0,5,1,1,0,1,2,False,0.026919311146522053,0.026919292446525578,6.946684620987975e-07,0.026919310959494513,6.947708961459527e-09,0.026919311146844645,1.1983688783257651e-11,99.98525642802204,579.7638012066982
11,6,0,5,1,1,0,1,3,False,-0.01482778607415968,-0.014827782887999463,2.1487767627178684e-07,-0.014827786041504698,2.202282996690251e-09,-0.014827786079529835,3.6216841018257836e-10,97.57041969389059,6.0808257561172265
11,6,0,5,1,1,0,2,0,False,0.00270130126546024,0.0027012954765537334,2.1430066244431528e-06,0.002701301207164164,2.1580738369060738e-08,0.002701301266005984,2.0203004104739175e-10,99.30182127204125,106.81945247933885
11,6,0,5,1,1,0,2,1,False,-0.018693011292261832,-0.018693023844884582,6.715142121303547e-07,-0.018693011418491334,6.752764472853706e-09,-0.01869301129719947,2.6414348269208373e-10,99.44286000642549,25.564758986408577
11,6,0,5,1,1,0,2,2,False,-0.015597672457198397,-0.015597666676553379,3.706094633080012e-07,-0.015597672399780826,3.6811627411431147e-09,-0.015597672456402199,5.1045960800770495e-11,100.6772830676091,72.11467241277886
11,6,0,5,1,1,0,2,3,False,-0.050400734174996416,-0.05040070087009019,6.60802005642953e-07,-0.05040073384227073,6.601603979111997e-09,-0.05040073416950896,1.0887654317491355e-10,100.09718967296183,60.63384992400351
11,6,0,5,1,1,0,3,0,False,0.008070203517669048,0.00807019978088519,4.630346496041687e-07,0.008070203481036486,4.539236400580435e-09,0.00807020351933918,2.0695051598335382e-10,102.00716788950675,21.933921638279706
11,6,0,5,1,1,0,3,1,False,-0.05321589995217885,-0.053215871853196095,5.280185579298709e-07,-0.05321589967133278,5.277484151834224e-09,-0.05321589994500275,1.3484879516198958e-10,100.05118778923375,39.13630926768422
11,6,0,5,1,1,0,3,2,False,-0.00012102373093391863,-0.00012102371774180831,1.0900432677091316e-07,-0.00012102373075917328,1.4438932652092163e-09,-0.00012102373270206356,1.4609902668435845e-08,75.49334109202229,0.0988297662193667
11,6,0,5,1,1,0,3,3,False,-0.06966133157463841,-0.06966133125060892,4.651497327909796e-09,-0.06966133157121357,4.9164201494910565e-11,-0.06966133157260135,2.924240629789349e-11,94.6114690460561,1.6812638807515703
11,6,0,5,1,1,0,4,0,False,0.019461561371643434,0.019461553158267586,4.2203067321547325e-07,0.019461561289180196,4.237236471038613e-09,0.01946156136800603,1.8690190419138647e-10,99.60045329073337,22.670911189324787
11,6,0,5,1,1,0,4,1,False,0.003013700676611009,0.0030137002357821796,1.4627492140286267e-07,0.003013700671794517,1.5981986182287552e-09,0.003013700672349628,1.4140027944895684e-09,91.52487039750767,1.1302655302075824
11,6,0,5,1,1,0,4,2,False,0.06441562276123582,0.06441561991607503,4.416880044875809e-08,0.06441562273279411,4.4153430648427704e-10,0.06441562275527613,9.251934264558698e-11,100.03480997989207,4.772345910148309
11,6,0,5,1,1,0,4,3,False,0.0033288448574889332,0.0033288466624592505,5.422212192454973e-07,0.0033288448753054922,5.352174629568899e-09,0.003328844858097035,1.8267648469237633e-10,101.3085814221969,29.2986513211148
11,6,0,5,1,1,0,5,0,False,-0.01935203979913687,-0.019352036664865846,1.6196075740888665e-07,-0.01935203976788369,1.614981207326709e-09,-0.019352039792863707,3.241602750971168e-10,100.28646567162323,4.982045399742052
11,6,0,5,1,1,0,5,1,False,0.0510149633038437,0.051014945738364625,3.443201353818547e-07,0.05101496312748255,3.4570474324827658e-09,0.05101496330373045,2.219930782487442e-12,99.59948253720444,1557.2771276269837
11,6,0,5,1,1,0,5,2,False,-0.000938133854000636,-0.0009381341119218956,2.7493012691669984e-07,-0.0009381338567093778,2.8873723594862856e-09,-0.0009381338567093777,2.887372243916192e-09,95.2181058371061,1.0000000400260458
11,6,0,5,1,1,0,5,3,False,-0.13438070117093553,-0.13438075090899115,3.7012796618257454e-07,-0.13438070166876814,3.704643629125776e-09,-0.1343807011722209,9.565069206810916e-12,99.90919592714444,387.3096523429065
11,6,0,5,1,1,0,6,0,True,-0.027765154166359995,-0.027765149538838685,1.6666650877781702e-07,-0.027765154120562574,1.6494567664328495e-09,-0.027765154167469493,3.996008462853974e-11,101.04327204541019,41.277609438664626
11,6,0,5,1,1,0,6,1,True,-0.08509348093029659,-0.08509346674809293,1.6666615945665083e-07,-0.08509348078833412,1.6683119318369644e-09,-0.0850934809282222,2.4377688042545515e-11,99.90107741610174,68.43601940123766
11,6,0,5,1,1,0,6,2,True,-0.02251392261961352,-0.022513918867345106,1.6666435592081582e-07,-0.022513922581790524,1.6799824435415185e-09,-0.02251392261787277,7.73188188812489e-11,99.20601049227389,21.727988966330965
11,6,0,5,1,1,0,6,3,True,0.05677524934967057,0.05677523988714683,1.66666352771319e-07,0.056775249255014426,1.667207896368005e-09,0.056775249343554705,1.0772061468905507e-10,99.96734848389328,15.47714800162017
12,6,1,1,0,0,0,1,0,False,-2.7222460298036453e-06,-2.7222086806943935e-06,1.3719960959792343e-05,-2.722245762143416e-06,9.832330599258621e-08,-2.722244651920391e-06,5.061567688367778e-07,139.53925594026362,0.19425465003371886
12,6,1,1,0,0,0,1,1,False,-7.492977772078323e-07,-7.493015652393353e-07,5.055442066241589e-06,-7.492978459922028e-07,9.179844467153713e-08,-7.493006215497643e-07,3.796010102418331e-06,55.071108059950284,0.024182876808745826
12,6,1,1,0,0,0,1,2,False,1.065969957405882e-06,1.0659812477165076e-06,1.0591584263009971e-05,1.0659700899751101e-06,1.2436488223490033e-07,1.0659695348635978e-06,3.963923008882375e-07,85.16539454445501,0.31374192171801263
12,6,1,1,0,0,0,1,3,False,3.397741499965545e-05,3.3977396451945197e-05,5.458835010379242e-07,3.39774147706251e-05,6.740664347703895e-09,3.3977415325736615e-05,9.59699737018157e-09,80.98363497714749,0.7023722199453271
12,6,1,1,0,0,0,2,0,False,-5.5801693696121585e-05,-5.5801667508958985e-05,4.6928974490758433e-07,-5.580169326613316e-05,7.705651930602742e-09,-5.58016910456871e-05,4.7497384205225537e-08,60.90201700440368,0.16223318524886235
12,6,1,1,0,0,0,2,1,False,0.00010842543864028682,0.0001084254002137186,3.544054669943392e-07,0.00010842543807232374,5.238282480399827e-09,0.00010842543529676617,3.0837049798497866e-08,67.65680703941116,0.16986976752409674
12,6,1,1,0,0,0,2,2,False,4.668973478436811e-05,4.6689724475523775e-05,2.2079466464330745e-07,4.6689734856109055e-05,1.5365464502426186e-09,4.668973541122056e-05,1.3425915882303904e-08,143.69540511348958,0.11444630397750902
12,6,1,1,0,0,0,2,3,False,3.864987821120643e-05,3.8649872746709946e-05,1.4138457186740337e-07,3.864987829782507e-05,2.2411102832909963e-09,3.8649877742713556e-05,1.2121457931778441e-08,63.086842678614104,0.18488784896209132
12,6,1,1,0,0,0,3,0,False,-4.682231748107596e-05,-4.682230964059286e-05,1.6745183749767402e-07,-4.682231768970979e-05,4.455862965584186e-09,-4.68223182448213e-05,1.6311566301085946e-08,37.58011383900812,0.27317198626642836
12,6,1,1,0,0,0,3,1,False,-0.0006091230619318609,-0.0006091228797466819,2.9909420680026807e-07,-0.0006091230597693453,3.5502113520917374e-09,-0.0006091230631000144,1.917762661750563e-09,84.24687353445752,1.85122560935202
12,6,1,1,0,0,0,3,2,False,-0.00015469560535193375,-0.00015469557923530886,1.6882590061429083e-07,-0.00015469560521452763,8.882354354660662e-10,-0.00015469560632475066,6.2885878627743084e-09,190.0688644849056,0.14124561107335906
12,6,1,1,0,0,0,3,3,False,-1.0641991938201846e-05,-1.064199017797307e-05,1.6540406955375605e-07,-1.0641991732285305e-05,1.9349435844096628e-08,-1.0641987291393205e-05,4.3664838945945334e-07,8.548263157978305,0.04431353993553065
12,6,1,1,0,0,0,4,0,False,0.000288482678432161,0.0002884831721838843,1.7115472097022251e-06,0.0002884826832971754,1.6864147444630052e-08,0.0002884826821869524,1.3015656330158395e-08,101.49028970019013,1.2956816788066519
12,6,1,1,0,0,0,4,1,False,-3.6440802379036365e-05,-3.644074964004318e-05,1.447251150977576e-06,-3.644080148745843e-05,2.4466473771303666e-08,-3.6440800377235405e-05,5.493295508193048e-08,59.15242075770777,0.4453879048526121
12,6,1,1,0,0,0,4,2,False,-0.0013760471023157449,-0.001376046422474353,4.940538669098054e-07,-0.001376047095713595,4.797909755647713e-09,-0.0013760471040402675,1.253243910411618e-09,102.97273022449932,3.82839263433714
12,6,1,1,0,0,0,4,3,False,0.0010025072187421252,0.0010025069163144273,3.0167134185976287e-07,0.0010025072155750436,3.1591609068896307e-09,0.0010025072216812703,2.931794371317762e-09,95.49097078337014,1.0775520063058426
12,6,1,1,0,0,0,5,0,False,0.0038713743864394264,0.0038713839979886977,2.4827227521557024e-06,0.0038713744826557317,2.4853268043362876e-08,0.0038713743877316627,3.337926416476869e-10,99.89522294709727,74.45720768642686
12,6,1,1,0,0,0,5,1,False,-0.0008250261700980773,-0.0008250262447662138,9.050396118380433e-08,-0.000825026170714338,7.469590105340968e-10,-0.0008250261696041149,5.987233123834816e-10,121.16322302490393,1.2475863142199988
12,6,1,1,0,0,0,5,2,False,0.0024989653427869214,0.002498965381070306,1.5319694136366514e-08,0.0024989653429896563,8.112756137985025e-11,0.0024989653402140988,1.0295551335900231e-09,188.83464356382694,0.07879865655854801
12,6,1,1,0,0,0,5,3,False,-0.007853084320676194,-0.007853068708318922,1.988054200623598e-06,-0.007853084164066715,1.9942416566837907e-08,-0.00785308431616727,5.741596931424826e-10,99.68973388759305,34.733222838561446
12,6,1,1,0,0,0,6,0,True,0.010910259810610334,0.01091025799221379,1.6666849149479448e-07,0.01091025979227389,1.6806605702346992e-09,0.010910259806706788,3.577867032560755e-10,99.16844272220877,4.697381302713798
12,6,1,1,0,0,0,6,1,True,-0.00020669085577851298,-0.00020669082134716632,1.665837926550371e-07,-0.00020669085554203548,1.1441120767266276e-09,-0.0002066908533215894,1.1886948609053757e-08,145.60093896713616,0.09624943409406249
12,6,1,1,0,0,0,6,2,True,-0.006263604550293456,-0.006263603506362347,1.6666619034490583e-07,-0.0062636045400354945,1.6377089365730744e-09,-0.006263604551692835,2.2341444655242138e-10,101.76789454031852,7.330362748895948
12,6,1,1,0,0,0,6,3,True,-0.007369795261832457,-0.007369794033484922,1.6667322376783101e-07,-0.007369795249623223,1.6566584539106387e-09,-0.007369795262945899,1.5108178239377312e-10,100.60807849342099,10.965309170054631
13,6,1,2,1,0,0,1,0,False,-0.0011301793454440148,-0.0011301793306772723,1.306584001539035e-08,-0.001130179345665283,1.957815961347283e-10,-0.0011301793501061752,4.125150962512529e-09,66.73681425295466,0.047460468214109305
13,6,1,2,1,0,0,1,1,False,-0.00021242706352474466,-0.00021242731318427133,1.1752717498657197e-06,-0.00021242706482738072,6.1321567850217405e-09,-0.00021242705927626557,1.999970729162974e-08,191.65715931080075,0.3066123266508088
13,6,1,2,1,0,0,1,2,False,-0.0007102651557732494,-0.0007102648327816929,4.547478555513341e-07,-0.0007102651528034798,4.181212591352489e-09,-0.0007102651577994833,2.8527851512989194e-09,108.75980247735686,1.465659827011058
13,6,1,2,1,0,0,1,3,False,-0.0037202355600877593,-0.0037202336576336315,5.113800180390419e-07,-0.0037202355407384147,5.2011073752404205e-09,-0.003720235569604213,2.558024470134517e-09,98.32137295865833,2.0332516111415124
13,6,1,2,1,0,0,2,0,False,0.0068300851567788205,0.006830081157649381,5.855167757450446e-07,0.006830085115816509,5.9973354251606985e-09,0.006830085169662325,1.8862874859704594e-09,97.62948613622952,3.17943869625747
13,6,1,2,1,0,0,2,1,False,-0.0008182213016585495,-0.000818221301268629,4.765465247096358e-10,-0.0008182213018237405,2.0189036172604743e-10,-0.0008182213018237404,2.0189022921884305e-10,2.3604223630857604,1.0000006563329236
13,6,1,2,1,0,0,2,2,False,0.0004121073113845051,0.0004121073153839916,9.704963720326456e-09,0.0004121073104990103,2.1486995693133997e-09,0.0004121073093887872,4.842714084866128e-09,4.516668527758677,0.44369738366926487
13,6,1,2,1,0,0,2,3,False,0.001212915639164532,0.001212914990222913,5.35026178260365e-07,0.001212915631820799,6.054611554524798e-09,0.0012129156401474717,8.103940697939447e-10,88.36672236396791,7.471194299415687
13,6,1,2,1,0,0,3,0,False,-0.00036319638402972044,-0.0003631963230166235,1.6798927412643772e-07,-0.0003631963840788899,1.3537975058675713e-10,-0.0003631963785277747,1.5148679842037497e-08,1240.8744542543902,0.008936735873912862
13,6,1,2,1,0,0,3,1,False,0.0020372320042616452,0.002037239842878069,3.847679796665771e-06,0.002037232083584861,3.893676115362714e-08,0.002037232005314138,5.166288013272748e-10,98.8186917110167,75.36699667845545
13,6,1,2,1,0,0,3,2,False,0.005916213106341976,0.005916211574474861,2.5892696686084944e-07,0.0059162130927603584,2.2956606459696614e-09,0.005916213113854595,1.2698357655615498e-09,112.78973977074106,1.8078405950036136
13,6,1,2,1,0,0,3,3,False,-0.013061482097939212,-0.013061478367659696,2.8559389262747125e-07,-0.013061482060372498,2.8761447856429097e-09,-0.013061482101450748,2.688467144326045e-10,99.29746723916472,10.698084191629249
13,6,1,2,1,0,0,4,0,False,0.0435196923705766,0.043519670107572406,5.115616169235918e-07,0.04351969214833051,5.106793671583448e-09,0.043519692372040446,3.363633463424415e-11,100.17276001773016,151.8237265479091
13,6,1,2,1,0,0,4,1,False,-0.0016134643422235349,-0.0016134629388653288,8.697794983086365e-07,-0.0016134643288090444,8.314091664467216e-09,-0.0016134643454623896,2.007391566818041e-09,104.61509608150006,4.141738862461229
13,6,1,2,1,0,0,4,2,False,0.004356502127402181,0.004356503947589019,4.178092388867731e-07,0.004356502146807273,4.4542827132923736e-09,0.0043565021312641505,8.864840780095557e-10,93.79944331776603,5.024661834077926
13,6,1,2,1,0,0,4,3,False,0.002104610665604466,0.0021046095175503154,5.454947887543083e-07,0.0021046106540856258,5.473145377171801e-09,0.0021046106746247517,4.285964129985595e-09,99.6675131323093,1.276992809827878
13,6,1,2,1,0,0,5,0,False,0.02344697719968595,0.02344696862560669,3.656795153619015e-07,0.023446977113761314,3.6646359456288362e-09,0.02344697719869337,4.233285764207832e-11,99.78604172075609,86.56717617820902
13,6,1,2,1,0,0,5,1,False,0.005178646537649691,0.005178642727643457,7.357146710859456e-07,0.00517864649995925,7.278048573491233e-09,0.005178646533821052,7.393126306370748e-10,101.08680419716244,9.844344965700978
13,6,1,2,1,0,0,5,2,False,0.034700521332933006,0.03470051790649409,9.874315386922055e-08,0.03470052129916912,9.730080766004273e-10,0.03470052132859003,1.2515596883845168e-10,101.48235790006719,7.7743641444409475
13,6,1,2,1,0,0,5,3,False,-0.1128798803433675,-0.11287988612901367,5.125489283729852e-08,-0.11287988040120656,5.12394705022404e-10,-0.11287988034291983,3.965894344879881e-12,100.03009854494387,129.2002914005828
13,6,1,2,1,0,0,6,0,True,-0.03983075253779367,-0.03983074589924973,1.6666880522753693e-07,-0.03983075247182555,1.6562107329758074e-09,-0.03983075253510826,6.742045482106476e-11,100.63260786148491,24.56540433272697
13,6,1,2,1,0,0,6,1,True,0.15118166718152576,0.15118164198457684,1.6666669567795003e-07,0.15118166692862367,1.67283568752188e-09,0.1511816671850852,2.3544061885662562e-11,99.63124108432204,71.05127805243212
13,6,1,2,1,0,0,6,2,True,-0.038492420372626845,-0.03849241395725844,1.6666575759784793e-07,-0.03849242030840028,1.6685510520323763e-09,-0.03849242036779721,1.2546981051905037e-10,99.8865197410897,13.298426491040539
13,6,1,2,1,0,0,6,3,True,0.0739959537246363,0.07399594139195775,1.666669314237274e-07,0.07399595360113587,1.6690160189403276e-09,0.07399595372548085,1.1413416711610978e-11,99.85939591493295,146.23281188379124
14,6,1,3,0,1,0,1,0,False,-3.3174551579824964e-05,-3.3174938185442926e-05,1.1653680292605136e-05,-3.317455699036742e-05,1.6309316024219347e-07,-3.3174563096594056e-05,3.471567374316392e-07,71.45413256631616,0.4697969034068053
14,6,1,3,0,1,0,1,1,False,1.6496914409063394e-05,1.6496950527855603e-05,2.189427144559565e-06,1.6496914945207664e-05,3.2499669704801805e-08,1.6496898291862294e-05,9.769827678247286e-07,67.36767371626792,0.03326534589464967
14,6,1,3,0,1,0,1,2,False,-5.6701329803181006e-05,-5.6701432105121796e-05,1.8042247182786149e-06,-5.6701329187447413e-05,1.0859244302069075e-08,-5.6701321415886234e-05,1.479206008192555e-07,166.14643414319775,0.07341265680321303
14,6,1,3,0,1,0,1,3,False,-0.0004368211992695288,-0.0004368209528538003,5.641111945708757e-07,-0.0004368211964367319,6.485026220783734e-09,-0.00043682120143273545,4.952155777154158e-09,86.98672532162888,1.3095359905076467
14,6,1,3,0,1,0,2,0,False,0.0007975968868001542,0.0007975963652873119,6.538551627686532e-07,0.0007975968802087507,8.26407867235041e-09,0.0007975968829843082,4.7841786137157554e-09,79.12015225076365,1.7273767013334604
14,6,1,3,0,1,0,2,1,False,-0.001365957674199811,-0.0013659570324842107,4.697917164517942e-07,-0.0013659576675317808,4.881578985341968e-09,-0.0013659576691971151,3.6624092031795257e-09,96.23765545173985,1.332887374000704
14,6,1,3,0,1,0,2,2,False,-0.0005660368850216194,-0.0005660367422555268,2.522204759893927e-07,-0.000566036884031007,1.7500844013649013e-09,-0.0005660368784798919,1.1557069193378521e-08,144.11903551204986,0.15142977618993494
14,6,1,3,0,1,0,2,3,False,-0.0004151861280675864,-0.00041518605953250187,1.6507074749239358e-07,-0.0004151861277001956,8.848821571050216e-10,-0.00041518611881841133,2.227717744536555e-08,186.54545824772723,0.039721466477303145
14,6,1,3,0,1,0,3,0,False,0.00015831273490169643,0.00015831270661070818,1.7870317429761265e-07,0.0001583127351434399,1.5269995452168137e-09,0.00015831272959232479,3.353723661097569e-08,117.02896366759505,0.04553146590250297
14,6,1,3,0,1,0,3,1,False,0.006856168055655434,0.0068561666202726634,2.0935641590518711e-07,0.006856168042190802,1.963871375043304e-09,0.006856168055513478,2.0704970720601935e-11,106.60393474117966,94.85023676412183
14,6,1,3,0,1,0,3,2,False,0.001250132533435616,0.001250132535546289,1.6883593603714808e-09,0.0012501325324931756,7.538723519163439e-10,0.0012501325363789562,2.3544225546317964e-09,2.2395825448163342,0.32019415989422534
14,6,1,3,0,1,0,3,3,False,0.00012357243225562617,0.0001235724298442875,1.95135647054021e-08,0.00012357243228677817,2.520950747883924e-10,0.00012357243561744724,2.7205267502320882e-08,77.40557693077388,0.009266406763575699
14,6,1,3,0,1,0,4,0,False,0.0534458753125044,0.05344588135719475,1.1309928614961961e-07,0.053445875372593044,1.1242896115706838e-09,0.05344587531430633,3.371498086428688e-11,100.59622092533148,33.34688564992202
14,6,1,3,0,1,0,4,1,False,-0.01685086354952601,-0.01685086808128622,2.689334108502925e-07,-0.01685086359504151,2.7010782537380497e-09,-0.01685086355451837,2.962673501474102e-10,99.56520529463104,9.117029778658049
14,6,1,3,0,1,0,4,2,False,0.02160040328154892,0.021600393284026964,4.6283959728977315e-07,0.021600403181110117,4.649857773425618e-09,0.021600403277144405,2.0390892196775475e-10,99.53844178524034,22.803601375328373
14,6,1,3,0,1,0,4,3,False,-0.07624075618285986,-0.07624072899470313,3.5660922172344856e-07,-0.07624075591017299,3.5766548855807372e-09,-0.07624075618051229,3.0791491363744686e-11,99.70467745186053,116.15724757625917
14,6,1,3,0,1,0,5,0,False,0.16630693439488362,0.16630693476815672,2.244483119279324e-09,0.1663069343982304,2.0124206338633066e-11,0.1663069344071122,7.353018263973009e-11,111.53150993937685,0.2736863369051321
14,6,1,3,0,1,0,5,1,False,0.09976060655498123,0.09976060584043767,7.16258238479542e-09,0.09976060654837138,6.625713077777899e-11,0.09976060654781625,7.182170590688507e-11,108.10281551155808,0.9225223759468981
14,6,1,3,0,1,0,5,2,False,-0.07318515268482088,-0.07318515200216424,9.327802354803676e-09,-0.07318515267862313,8.468590169815079e-11,-0.07318515269361114,1.20109883821174e-10,110.1458704195076,0.7050702157387454
14,6,1,3,0,1,0,5,3,False,0.03602885553318053,0.036028869954018994,4.0025802228412453e-07,0.03602885567721703,3.9978094190055384e-09,0.036028855532332926,2.3525773841563798e-11,100.11933544938451,169.93317397034866
14,6,1,3,0,1,0,6,0,True,0.09997324499990518,0.09997322833771305,1.6666651288605993e-07,0.0999732448331292,1.6682061476914251e-09,0.0999732449935564,6.350467800621612e-11,99.9076241966283,26.269027732541744
14,6,1,3,0,1,0,6,1,True,0.03468997698165838,0.03468997120004147,1.6666534285995522e-07,0.03468997692379627,1.6679775840625735e-09,0.034689976990964766,2.6827313830994203e-10,99.92061311400862,6.217460289056302
14,6,1,3,0,1,0,6,2,True,-0.17800296828992118,-0.17800293862285654,1.6666612317346392e-07,-0.17800296799264093,1.670085947574439e-09,-0.178002968281854,4.5320512830543266e-11,99.79493774887612,36.850552724745484
14,6,1,3,0,1,0,6,3,True,0.09143319457047816,0.09143317933152373,1.666676364449555e-07,0.09143319441795583,1.6681286136528338e-09,0.09143319456561548,5.318287003081031e-11,99.91294141282677,31.36590057449778
15,6,1,5,1,1,0,1,0,False,-0.0013564195902118195,-0.001356419716880275,9.33844190762066e-08,-0.0013564195922022293,1.467399766617251e-09,-0.0013564195960880097,4.3321330669825215e-09,63.639385258648815,0.3387245368340786
15,6,1,5,1,1,0,1,1,False,-0.00012283370053887009,-0.00012283392736289755,1.8465944319395868e-06,-0.0001228337018210901,1.0438666354481614e-08,-0.00012283369876797678,1.4416998697741075e-08,176.89945911019484,0.7240526668090215
15,6,1,5,1,1,0,1,2,False,-0.0013634215163026743,-0.001363420982308794,3.916572197070702e-07,-0.0013634215109692427,3.911799505322869e-09,-0.00136342152290414,4.841837689904214e-09,100.1220075758315,0.8079162821751374
15,6,1,5,1,1,0,1,3,False,-0.0033433134287007052,-0.003343310808534561,7.837034128743214e-07,-0.0033433134025151467,7.832217664983079e-09,-0.003343313437209616,2.545053214863328e-09,100.06149552995277,3.077427858577675
15,6,1,5,1,1,0,2,0,False,0.006676645575420852,0.006676640253888699,7.97036789256313e-07,0.0066766455220079735,7.999957116730254e-09,0.00667664557252312,4.340100880235911e-10,99.63013271527112,18.432652460132235
15,6,1,5,1,1,0,2,1,False,-0.0015598200255606284,-0.0015598198654376283,1.0265479191294837e-07,-0.001559820024255032,8.370173812060293e-10,-0.0015598200259203663,2.3062779119054127e-10,122.64356059731597,3.6292997339357855
15,6,1,5,1,1,0,2,2,False,-0.0010233778485796412,-0.0010233775787626964,2.636532979513855e-07,-0.001023377846354201,2.174602783543113e-09,-0.0010233778491297585,5.375504699351814e-10,121.24204932811278,4.045392768060141
15,6,1,5,1,1,0,2,3,False,0.0005308241606189883,0.0005308234400369649,1.357477818213667e-06,0.0005308241524115687,1.5461654292191885e-08,0.0005308241624035759,3.3619184893763803e-09,87.79641508989059,4.599056860257177
15,6,1,5,1,1,0,3,0,False,-0.0005343033917136641,-0.0005343033026294908,1.667295672981211e-07,-0.0005343033912530437,8.620951556329436e-10,-0.0005343033876448189,7.615233701991685e-09,193.4004224576689,0.11320665778221245
15,6,1,5,1,1,0,3,1,False,0.009796758780591719,0.009796767229952597,8.624649301732329e-07,0.009796758866364996,8.755270930984614e-09,0.009796758779212489,1.407843241199542e-10,98.50808010075372,62.18924575384368
15,6,1,5,1,1,0,3,2,False,0.005867315437035771,0.005867314420204828,1.7330429122865096e-07,0.0058673154276767114,1.5951178413268989e-09,0.005867315439056497,3.4440377757472656e-10,108.64670103902029,4.631534103834852
15,6,1,5,1,1,0,3,3,False,-0.016276201745775883,-0.016276197381454027,2.681412975500733e-07,-0.016276201702525306,2.6572892992299145e-09,-0.016276201753040453,4.4633084565767733e-10,100.907830256864,5.953631314264974
15,6,1,5,1,1,0,4,0,False,0.061360525849906075,0.061360486423023275,6.425447346503017e-07,0.06136052545596682,6.4200762747600155e-09,0.06136052584926332,1.0475084303955885e-11,100.08366055967461,612.8901771545163
15,6,1,5,1,1,0,4,1,False,-0.0027796133874633975,-0.0027796120717626938,4.733394614163407e-07,-0.002779613375025747,4.474597363725325e-09,-0.0027796133922342032,1.7163558550289717e-09,105.78369916668032,2.607033588410368
15,6,1,5,1,1,0,4,2,False,0.015121577229228293,0.01512157426136751,1.962666154813445e-07,0.015121577199572744,1.961141248718848e-09,0.015121577226495651,1.8071145595902613e-10,100.07775605635715,10.852334946399358
15,6,1,5,1,1,0,4,3,False,-0.004592446259289685,-0.004592446330164979,1.5433015321193634e-08,-0.004592446259665817,8.190219252273788e-11,-0.004592446245510473,3.0004079238639383e-09,188.43226104000922,0.02729701913907222
15,6,1,5,1,1,0,5,0,False,0.015296358785830933,0.015296351640770034,4.6710861054462757e-07,0.01529635871383439,4.706776522207704e-09,0.01529635878239066,2.2490792878899857e-10,99.24172272481958,20.927570439828518
15,6,1,5,1,1,0,5,1,False,-0.03268787652158947,-0.032687827053068386,1.5133598859605579e-06,-0.03268787602678236,1.5137328104613112e-08,-0.03268787651389271,2.3546221765150365e-10,99.97536391507298,64.28771569210797
15,6,1,5,1,1,0,5,2,False,0.030984015836394173,0.03098401139173257,1.4345014627900225e-07,0.03098401579221255,1.425948910905853e-09,0.03098401583634391,1.6221873322796925e-12,100.59977968486518,879.0285083178022
15,6,1,5,1,1,0,5,3,False,-0.12148892941048647,-0.12148888827664961,3.3858094777882774e-07,-0.1214889289991028,3.386182421063114e-09,-0.12148892940266885,6.434842736737002e-11,99.98898632062713,52.62261347478072
15,6,1,5,1,1,0,6,0,True,-0.08912743793427569,-0.0891274230796768,1.6666695720837569e-07,-0.0891274377864959,1.658072887895487e-09,-0.08912743793554333,1.4222766873024865e-11,100.51847444409886,116.57878545701368
15,6,1,5,1,1,0,6,1,True,0.17971337515172128,0.17971334519947813,1.6666674437921548e-07,0.1797133748526747,1.6640196801805744e-09,0.17971337515076954,5.295870087890894e-12,100.15911852744993,314.21081948089824
15,6,1,5,1,1,0,6,2,True,-0.10121021794563137,-0.10121020107728418,1.666664446898076e-07,-0.10121021777637074,1.6723670467537441e-09,-0.10121021793985106,5.711188955127963e-11,99.65901027129556,29.28229235441701
15,6,1,5,1,1,0,6,3,True,0.018112488277478966,0.01811248525876441,1.666648176581965e-07,0.018112488247012948,1.682044903497822e-09,0.018112488275878746,8.834898507750478e-11,99.0846423372028,19.038644326499462
