model,response_transform,coefficient,estimate,se,ci95_lo,ci95_hi,direction,n_obs,converged,singular_fit,zero_value_treatment,role
"SNR_est (reference, not refit)",arcsinh(SNR_est),E:L,0.024995843985971582,0.007279011371641417,0.010729243854496907,0.039262444117446255,positive,101891,True,False,excluded (ratio undefined/infinite when shot_variance==0),reference
"SNR_est (reference, not refit)",arcsinh(SNR_est),E:R,-0.0009575787575784316,0.007292917086826747,-0.015251433589995625,0.013336276074838763,negative,101891,True,False,excluded (ratio undefined/infinite when shot_variance==0),reference
"SNR_est (reference, not refit)",arcsinh(SNR_est),L:R:depth_z,-0.010178757716721849,0.005362074992735445,-0.020688231584886193,0.0003307161514424957,negative,101891,True,False,excluded (ratio undefined/infinite when shot_variance==0),reference
numerator (gradient-mean magnitude),arcsinh(|mu_hat|),E:L,0.004314692534638696,0.0006321487918104937,0.00307570366981962,0.005553681399457773,positive,101891,True,False,none required (asinh defined at 0; eligible set matched to SNR model for comparability),primary
numerator (gradient-mean magnitude),arcsinh(|mu_hat|),E:R,0.002581148420078857,0.0006333563111619039,0.0013397928608203814,0.0038225039793373322,positive,101891,True,False,none required (asinh defined at 0; eligible set matched to SNR model for comparability),primary
numerator (gradient-mean magnitude),arcsinh(|mu_hat|),L:R:depth_z,0.0006136251196373169,0.00046567148077010837,-0.0002990742112995319,0.0015263244505741656,positive,101891,True,False,none required (asinh defined at 0; eligible set matched to SNR model for comparability),primary
denominator (repeated-shot SD),log(shot_sd),E:L,-0.14986553030400301,0.012077763762833829,-0.1735375122929403,-0.12619354831506574,negative,101891,True,False,excluded shot_variance==0 (log undefined) -- identical exclusion set as the SNR model,primary
denominator (repeated-shot SD),log(shot_sd),E:R,-0.04369285956230396,0.012100837740249035,-0.06741006571595512,-0.0199756534086528,negative,101891,True,False,excluded shot_variance==0 (log undefined) -- identical exclusion set as the SNR model,primary
denominator (repeated-shot SD),log(shot_sd),L:R:depth_z,-0.050876936501200974,0.008897071021665669,-0.06831487527156066,-0.03343899773084128,negative,101891,True,False,excluded shot_variance==0 (log undefined) -- identical exclusion set as the SNR model,primary
