configuration_id,depth,budget,median_SNR_est,iqr_SNR_est,rms_SNR_est,fraction_SNR_est_geq_1,fraction_ci_excludes_zero,median_SNR_exact,median_absolute_bias,iqr_absolute_bias,sign_agreement_fraction,rms_exact_gradient_magnitude,exact_gradient_landscape_variance_across_inits,final_tfim_energy_mean,global_fidelity_mean,mean_entanglement_entropy,mean_purity,n_matched_observations,total_circuit_evaluations_mean
1,1,250,0.7897188828807974,1.1236169895283727,1.6670033394326933,0.41081081081081083,0.77,0.8539108566385192,0.0017423984361616416,0.0036522825726632256,0.875,0.06275129631785228,0.001813376393871059,-0.10264623473263469,0.04684402591524315,0.7946733726848444,0.6512657238628249,200,250.0
1,1,500,1.0952665170156237,1.7149319737983935,2.3664556050888463,0.531578947368421,0.79,1.141409009284501,0.001412150208468358,0.003194279076058891,0.9,0.06275129631785228,0.001813376393871059,-0.10264623473263469,0.04684402591524315,0.7946733726848444,0.6512657238628249,200,500.0
1,1,1000,1.5288834966477467,2.46017430830928,3.2106705353388207,0.6302083333333334,0.82,1.5284152108312696,0.0009647884724566042,0.0016948924623169967,0.92,0.06275129631785228,0.001813376393871059,-0.10264623473263469,0.04684402591524315,0.7946733726848444,0.6512657238628249,200,1000.0
1,1,2000,2.1250807113951784,3.4483197599903317,4.444909488812713,0.6855670103092784,0.83,2.1154341630629716,0.0006928375345717149,0.0011477054043690987,0.91,0.06275129631785228,0.001813376393871059,-0.10264623473263469,0.04684402591524315,0.7946733726848444,0.6512657238628249,200,2000.0
1,2,250,0.3614285968633786,0.7578598976455584,0.9877490161628657,0.22427440633245382,0.575,0.3860359480011219,0.0035717898659502335,0.007097811365700046,0.7975,0.07007100275424677,0.0014347485054494338,0.1463530100183872,0.06346758783117996,0.7748337387866077,0.6635179929698483,400,250.0
1,2,500,0.5103967334713586,1.0445334138316673,1.3936561609223568,0.2982005141388175,0.6625,0.5088339677514649,0.0020493102109185937,0.0044055186522308516,0.8375,0.07007100275424677,0.0014347485054494338,0.1463530100183872,0.06346758783117996,0.7748337387866077,0.6635179929698483,400,500.0
1,2,1000,0.7919019168321086,1.4991647209057044,2.1629131735310123,0.41968911917098445,0.76,0.8148985921286395,0.0012848375636723324,0.002955347677812424,0.9075,0.07007100275424677,0.0014347485054494338,0.1463530100183872,0.06346758783117996,0.7748337387866077,0.6635179929698483,400,1000.0
1,2,2000,1.1090461433972607,2.074128335446294,2.875952663378908,0.5466321243523317,0.7825,1.0844614127841488,0.0008966968196841053,0.0018868930265397844,0.9075,0.07007100275424677,0.0014347485054494338,0.1463530100183872,0.06346758783117996,0.7748337387866077,0.6635179929698483,400,2000.0
1,3,250,0.22357144635586992,0.2986309569314944,0.47679908453234265,0.046232876712328765,0.3983333333333333,0.14872595337639508,0.0030971496030034445,0.007300988102135672,0.7366666666666667,0.041586333026996825,0.0005018972154649198,0.3029117215877703,0.037912292651439555,0.7809622293466085,0.6596694110657642,600,250.0
1,3,500,0.27587478617029015,0.43543360932899267,0.6783398552021227,0.11301369863013698,0.48,0.23084097604451637,0.0017825092227360903,0.004367063725408549,0.7933333333333333,0.041586333026996825,0.0005018972154649198,0.3029117215877703,0.037912292651439555,0.7809622293466085,0.6596694110657642,600,500.0
1,3,1000,0.3613971954221177,0.6622868962902819,0.9682007494786233,0.18974358974358974,0.5666666666666667,0.3399236716568454,0.001077780061603623,0.0031852862023612227,0.84,0.041586333026996825,0.0005018972154649198,0.3029117215877703,0.037912292651439555,0.7809622293466085,0.6596694110657642,600,1000.0
1,3,2000,0.5120028248509643,0.8672740023978027,1.423665662726064,0.2859560067681895,0.685,0.5330670902153353,0.0007828319181274466,0.002141370860664061,0.8916666666666667,0.041586333026996825,0.0005018972154649198,0.3029117215877703,0.037912292651439555,0.7809622293466085,0.6596694110657642,600,2000.0
1,4,250,0.18257418583505544,0.2181395994114843,0.4410795934951445,0.04353393085787452,0.32,0.08785867356207895,0.004803430804557353,0.011984569591935423,0.66375,0.05288229963613395,0.0005879251864352146,-0.2936083099888888,0.09623798657327289,0.8502958842177051,0.6310085367230375,800,250.0
1,4,500,0.24956043281023935,0.32808708117918073,0.6351427764121399,0.08142493638676845,0.45125,0.15422935473050364,0.0025612704260206875,0.0065390429025210285,0.7625,0.05288229963613395,0.0005879251864352146,-0.2936083099888888,0.09623798657327289,0.8502958842177051,0.6310085367230375,800,500.0
1,4,1000,0.3039994945961141,0.47274611594638116,0.971179776896165,0.15063291139240506,0.5275,0.24109074028260497,0.0018456794077405456,0.005167344796937864,0.7925,0.05288229963613395,0.0005879251864352146,-0.2936083099888888,0.09623798657327289,0.8502958842177051,0.6310085367230375,800,1000.0
1,4,2000,0.4154744849194082,0.7797635450843495,1.4782917978975625,0.23455233291298866,0.6275,0.3463262425343032,0.0009976746007839244,0.0030308219136828225,0.8675,0.05288229963613395,0.0005879251864352146,-0.2936083099888888,0.09623798657327289,0.8502958842177051,0.6310085367230375,800,2000.0
1,6,250,0.1691101696294195,0.1827237576120614,0.2944583412378779,0.009482758620689655,0.24,0.02891728483820226,0.0054774640790945656,0.011235211246470322,0.5583333333333333,0.040826397006024306,0.0003071391186224374,-0.08810132122365377,0.07129119400484545,0.7936351491307557,0.6519872613730731,1200,250.0
1,6,500,0.17579861738155148,0.20994322013105665,0.40718789489662405,0.026006711409395974,0.2966666666666667,0.05331081098149326,0.0027806391601342345,0.007761239070710393,0.6008333333333333,0.040826397006024306,0.0003071391186224374,-0.08810132122365377,0.07129119400484545,0.7936351491307557,0.6519872613730731,1200,500.0
1,6,1000,0.20830711761857446,0.2884691639484594,0.5653154031593326,0.05387205387205387,0.395,0.11233635751561305,0.0014178860758154743,0.004685065089726171,0.7108333333333333,0.040826397006024306,0.0003071391186224374,-0.08810132122365377,0.07129119400484545,0.7936351491307557,0.6519872613730731,1200,1000.0
1,6,2000,0.24642299306688614,0.40162022422905397,0.8172724097694307,0.09949832775919733,0.4625,0.19236047797361738,0.0007413761051851355,0.002625712231606548,0.8158333333333333,0.040826397006024306,0.0003071391186224374,-0.08810132122365377,0.07129119400484545,0.7936351491307557,0.6519872613730731,1200,2000.0
2,1,250,1.0147503448389796,1.4904066293461276,1.7657456655985375,0.5,0.76,0.9705086237260447,0.0021228360496020945,0.004110696536002838,0.875,0.06930049123452625,0.0020173729058269195,-0.11205725351149134,0.06380836766026202,0.409288243341458,0.8354447181999278,200,250.0
2,1,500,1.360685782260401,2.0601444426040687,2.500916329838549,0.5759162303664922,0.82,1.3078611253952366,0.0013969016537806853,0.0025015250399284695,0.91,0.06930049123452625,0.0020173729058269195,-0.11205725351149134,0.06380836766026202,0.409288243341458,0.8354447181999278,200,500.0
2,1,1000,1.8478818548570428,3.0957093336794643,3.446201837962124,0.6752577319587629,0.84,1.87264372075068,0.0010887914356176292,0.001953850836172392,0.925,0.06930049123452625,0.0020173729058269195,-0.11205725351149134,0.06380836766026202,0.409288243341458,0.8354447181999278,200,1000.0
2,1,2000,2.5924082975209037,4.201696512757273,4.932307496249028,0.7222222222222222,0.865,2.5328588097904436,0.0008728710736866244,0.0013615161119252676,0.945,0.06930049123452625,0.0020173729058269195,-0.11205725351149134,0.06380836766026202,0.409288243341458,0.8354447181999278,200,2000.0
2,2,250,0.41531595418624734,0.6117832070634834,0.8581091208329417,0.17884130982367757,0.62,0.3787119600079823,0.0031460914254769854,0.005987613232672853,0.8175,0.05516680620863198,0.0010735649228930026,0.026593783507415158,0.0490429542944434,0.37503602734539704,0.8527748237459928,400,250.0
2,2,500,0.5891203960292695,0.9030914726842525,1.257513429643828,0.3082706766917293,0.7275,0.5488224176229777,0.002333090538804536,0.004151623562976648,0.9125,0.05516680620863198,0.0010735649228930026,0.026593783507415158,0.0490429542944434,0.37503602734539704,0.8527748237459928,400,500.0
2,2,1000,0.8243057104352766,1.2490681034641244,1.7325432976395274,0.45112781954887216,0.7775,0.8068346497254836,0.0015160522353109783,0.002639786285575347,0.9375,0.05516680620863198,0.0010735649228930026,0.026593783507415158,0.0490429542944434,0.37503602734539704,0.8527748237459928,400,1000.0
2,2,2000,1.1953091287604967,1.869664116991135,2.5245374005097196,0.5513784461152882,0.8375,1.1996288767801502,0.0008075553048752359,0.0020375549139124544,0.9475,0.05516680620863198,0.0010735649228930026,0.026593783507415158,0.0490429542944434,0.37503602734539704,0.8527748237459928,400,2000.0
2,3,250,0.2627691364061218,0.39252425523161905,0.505535111749717,0.06700167504187604,0.48,0.20344546427138163,0.003991709242777593,0.007610424916659233,0.7633333333333333,0.03805078098185963,0.00041351157861170594,0.06741207172379081,0.03806636974474367,0.36750977856643957,0.8604256597818091,600,250.0
2,3,500,0.34761089357690356,0.5642223411558879,0.7693628094478424,0.14890016920473773,0.5716666666666667,0.33596106265003456,0.002368735635051122,0.004190778016632283,0.835,0.03805078098185963,0.00041351157861170594,0.06741207172379081,0.03806636974474367,0.36750977856643957,0.8604256597818091,600,500.0
2,3,1000,0.4593071891899031,0.7568706019434295,1.0521708574928808,0.24579124579124578,0.6383333333333333,0.49264782425394815,0.0014710410767888905,0.002864914367773813,0.8666666666666667,0.03805078098185963,0.00041351157861170594,0.06741207172379081,0.03806636974474367,0.36750977856643957,0.8604256597818091,600,1000.0
2,3,2000,0.7146233402845573,1.2374093500220125,1.5570095254626737,0.40336134453781514,0.7116666666666667,0.7140241667393039,0.0011067580095709111,0.002327564595542234,0.9016666666666666,0.03805078098185963,0.00041351157861170594,0.06741207172379081,0.03806636974474367,0.36750977856643957,0.8604256597818091,600,2000.0
2,4,250,0.2155189745004365,0.3243478358525319,0.44983667182046194,0.05044136191677175,0.38875,0.20252370591200808,0.005106040609997242,0.009968053974033565,0.75875,0.045103500631961474,0.0005689845975638725,0.08746003833745779,0.06412711142927788,0.3190582501430725,0.8761254120383968,800,250.0
2,4,500,0.327730693416725,0.4341119274846662,0.6608337587633806,0.10776942355889724,0.56875,0.33106358108650324,0.003338076803752359,0.007083857563339749,0.84,0.045103500631961474,0.0005689845975638725,0.08746003833745779,0.06412711142927788,0.3190582501430725,0.8761254120383968,800,500.0
2,4,1000,0.4752825607223386,0.7167539447920451,0.9826441545858033,0.22431077694235588,0.65125,0.49055789268105554,0.0019257012996621563,0.004729614233372643,0.875,0.045103500631961474,0.0005689845975638725,0.08746003833745779,0.06412711142927788,0.3190582501430725,0.8761254120383968,800,1000.0
2,4,2000,0.6921568708897167,1.0689032465127093,1.4318954321797825,0.3575909661229611,0.7725,0.7358059449695902,0.001265868744054808,0.0028477546853539946,0.9225,0.045103500631961474,0.0005689845975638725,0.08746003833745779,0.06412711142927788,0.3190582501430725,0.8761254120383968,800,2000.0
2,6,250,0.1825741858350554,0.19748252260468852,0.29900809753455315,0.011754827875734676,0.3075,0.08938680577106992,0.006588634112374396,0.013010458937217355,0.6408333333333334,0.04548882422213956,0.0005403503060642361,-0.05830659787831772,0.06040805756021538,0.3523095571279067,0.8615719419900861,1200,250.0
2,6,500,0.20975298119859107,0.29272237507472465,0.4359161769310299,0.04427736006683375,0.3883333333333333,0.16435918319308168,0.0034199048439598223,0.007931758591161029,0.7066666666666667,0.04548882422213956,0.0005403503060642361,-0.05830659787831772,0.06040805756021538,0.3523095571279067,0.8615719419900861,1200,500.0
2,6,1000,0.31750915674431524,0.4570750595284053,0.6596153407667257,0.10267111853088481,0.5458333333333333,0.2858896246571697,0.001978980284795572,0.005031166446320724,0.8133333333333334,0.04548882422213956,0.0005403503060642361,-0.05830659787831772,0.06040805756021538,0.3523095571279067,0.8615719419900861,1200,1000.0
2,6,2000,0.4474619961312548,0.6976260158530687,0.9684840648289381,0.22351959966638865,0.65,0.4099582020054184,0.0011318959702825379,0.0032451425651330752,0.8625,0.04548882422213956,0.0005403503060642361,-0.05830659787831772,0.06040805756021538,0.3523095571279067,0.8615719419900861,1200,2000.0
3,1,250,1.2082759906266631,2.075213335313092,2.5628829942024254,0.575,0.81,1.1628750735518594,0.0049744547042708575,0.006386434690497603,0.95,0.09649984725606403,0.0007258786258465642,-0.10264623473263469,0.04684402591524315,0.7946733726848444,0.6512657238628249,200,250.0
3,1,500,1.747126680127594,3.0331122252313802,3.6282501070357798,0.66,0.86,1.6702694960262368,0.003213176894042228,0.0047954378926748815,0.96,0.09649984725606403,0.0007258786258465642,-0.10264623473263469,0.04684402591524315,0.7946733726848444,0.6512657238628249,200,500.0
3,1,1000,2.453518052470338,4.390752047296114,5.227416316479271,0.765,0.915,2.3245046459964396,0.002685433063205272,0.0026582534321803073,0.96,0.09649984725606403,0.0007258786258465642,-0.10264623473263469,0.04684402591524315,0.7946733726848444,0.6512657238628249,200,1000.0
3,1,2000,3.3499801952534565,5.896385088945536,7.244801109334148,0.8,0.92,3.2442522560618756,0.0017929899708278366,0.0020844482382737324,0.975,0.09649984725606403,0.0007258786258465642,-0.10264623473263469,0.04684402591524315,0.7946733726848444,0.6512657238628249,200,2000.0
3,2,250,0.6340557875283329,1.071806040253823,1.1901246587532186,0.3225,0.7175,0.6690089723043584,0.008317407866432744,0.01119490868952135,0.9075,0.08640211889356293,0.0006842261599331748,0.1463530100183872,0.06346758783117996,0.7748337387866077,0.6635179929698483,400,250.0
3,2,500,0.8944702011895261,1.7004280464948354,1.788123858489098,0.465,0.785,0.9468407509788559,0.005399314656517003,0.007318429705607514,0.9325,0.08640211889356293,0.0006842261599331748,0.1463530100183872,0.06346758783117996,0.7748337387866077,0.6635179929698483,400,500.0
3,2,1000,1.3242196160496458,2.4948691317352214,2.573586568117511,0.595,0.835,1.3371675601571957,0.0035145359188805156,0.004274818452047493,0.9325,0.08640211889356293,0.0006842261599331748,0.1463530100183872,0.06346758783117996,0.7748337387866077,0.6635179929698483,400,1000.0
3,2,2000,1.9725911834259502,3.3618138631999326,3.729143848245751,0.6875,0.8825,1.9184261526490487,0.0023636852760576354,0.0035169849556398293,0.96,0.08640211889356293,0.0006842261599331748,0.1463530100183872,0.06346758783117996,0.7748337387866077,0.6635179929698483,400,2000.0
3,3,250,0.2871160759133674,0.5743608988666045,0.855576022641297,0.16666666666666666,0.5116666666666667,0.3517259220275085,0.009214049190313878,0.013387967132729718,0.85,0.07382601397207282,0.0005440753622423569,0.3029117215877703,0.037912292651439555,0.7809622293466085,0.6596694110657642,600,250.0
3,3,500,0.48162872213481167,0.8589126927555135,1.1974671594542803,0.26166666666666666,0.6416666666666667,0.516209524962395,0.005270788615771852,0.009964969194682675,0.8866666666666667,0.07382601397207282,0.0005440753622423569,0.3029117215877703,0.037912292651439555,0.7809622293466085,0.6596694110657642,600,500.0
3,3,1000,0.6939432363457059,1.2499700786543295,1.7978439231519063,0.37666666666666665,0.7616666666666667,0.6935481613598866,0.003952279122156801,0.006327066318969686,0.9266666666666666,0.07382601397207282,0.0005440753622423569,0.3029117215877703,0.037912292651439555,0.7809622293466085,0.6596694110657642,600,1000.0
3,3,2000,1.0520473597333395,1.7690910860871056,2.5208935522006213,0.5116666666666667,0.8283333333333334,1.079526548249654,0.0025908635329450593,0.004227590084586154,0.9483333333333334,0.07382601397207282,0.0005440753622423569,0.3029117215877703,0.037912292651439555,0.7809622293466085,0.6596694110657642,600,2000.0
3,4,250,0.2287481387203573,0.3593763859807244,0.5536041171056473,0.0775,0.4075,0.21120707122191096,0.011718361084965885,0.017371778947097564,0.715,0.05866433914265467,0.0001852612037527507,-0.2936083099888888,0.09623798657327289,0.8502958842177051,0.6310085367230375,800,250.0
3,4,500,0.3057261718609758,0.5618089481405713,0.8352803932928731,0.15625,0.5375,0.33895689320331746,0.00782339752717635,0.01295842129950073,0.8,0.05866433914265467,0.0001852612037527507,-0.2936083099888888,0.09623798657327289,0.8502958842177051,0.6310085367230375,800,500.0
3,4,1000,0.4360611874685932,0.8559162446408672,1.1835778101372252,0.255,0.61625,0.5114189987714726,0.004612673501178614,0.008375494283388484,0.8525,0.05866433914265467,0.0001852612037527507,-0.2936083099888888,0.09623798657327289,0.8502958842177051,0.6310085367230375,800,1000.0
3,4,2000,0.6734418228762802,1.2112242987072006,1.7281762757043035,0.385,0.72875,0.720554223431116,0.0028293954660785865,0.005187512011367282,0.91125,0.05866433914265467,0.0001852612037527507,-0.2936083099888888,0.09623798657327289,0.8502958842177051,0.6310085367230375,800,2000.0
3,6,250,0.16554520208579823,0.2137077417576286,0.38893610178157745,0.03833333333333333,0.2866666666666667,0.05871123644387646,0.010520817209288765,0.01826542087867106,0.6091666666666666,0.04505848325086087,9.36887018591133e-05,-0.08810132122365377,0.07129119400484545,0.7936351491307557,0.6519872613730731,1200,250.0
3,6,500,0.1766583380327087,0.263541482401744,0.5811499421723777,0.06916666666666667,0.33416666666666667,0.11684469345063704,0.004972908292951718,0.010258952222118999,0.7116666666666667,0.04505848325086087,9.36887018591133e-05,-0.08810132122365377,0.07129119400484545,0.7936351491307557,0.6519872613730731,1200,500.0
3,6,1000,0.23369167046373146,0.3881961686693709,0.812351406826205,0.11,0.4483333333333333,0.21083352600958605,0.003118560218668516,0.007518170641637915,0.7675,0.04505848325086087,9.36887018591133e-05,-0.08810132122365377,0.07129119400484545,0.7936351491307557,0.6519872613730731,1200,1000.0
3,6,2000,0.3308491382685025,0.5997524723039561,1.2229443540013292,0.18833333333333332,0.5525,0.3220132517036234,0.0018937076724957601,0.004720698192600851,0.8441666666666666,0.04505848325086087,9.36887018591133e-05,-0.08810132122365377,0.07129119400484545,0.7936351491307557,0.6519872613730731,1200,2000.0
4,1,250,0.8359631373738987,1.0832271593926706,1.6864002037969155,0.4308510638297872,0.76,0.8197683575686232,0.0022709906543372242,0.0033808248148789535,0.875,0.06275129631785228,0.001813376393871059,-0.10264623473263469,0.04684402591524315,0.7946733726848444,0.6512657238628249,200,250.0
4,1,500,1.107752552131126,1.6238411068801004,2.335709451901069,0.5235602094240838,0.795,1.0224604650497313,0.0012716185102622643,0.0021674595973308216,0.905,0.06275129631785228,0.001813376393871059,-0.10264623473263469,0.04684402591524315,0.7946733726848444,0.6512657238628249,200,500.0
4,1,1000,1.4457801480908101,2.5788835253572686,3.1579004932958856,0.6443298969072165,0.825,1.4996476090619444,0.0010021826130610367,0.0017590266653313147,0.9,0.06275129631785228,0.001813376393871059,-0.10264623473263469,0.04684402591524315,0.7946733726848444,0.6512657238628249,200,1000.0
4,1,2000,2.225125242243208,3.469519402617121,4.683148638668351,0.6974358974358974,0.86,2.192745737415656,0.0007229249801342834,0.0012994090106498725,0.925,0.06275129631785228,0.001813376393871059,-0.10264623473263469,0.04684402591524315,0.7946733726848444,0.6512657238628249,200,2000.0
4,2,250,0.42910020289785944,0.7373342847706641,0.9977056751023948,0.2193211488250653,0.6225,0.3754518296641288,0.0031143726306505377,0.007168956334669095,0.825,0.07007100275424677,0.0014347485054494338,0.1463530100183872,0.06346758783117996,0.7748337387866077,0.6635179929698483,400,250.0
4,2,500,0.5353484360929363,1.0617346207023937,1.5004410099881598,0.31758530183727035,0.665,0.5524501984138757,0.002013237579801745,0.00486114818525644,0.845,0.07007100275424677,0.0014347485054494338,0.1463530100183872,0.06346758783117996,0.7748337387866077,0.6635179929698483,400,500.0
4,2,1000,0.7375472434400242,1.4023030457690917,2.01753499750651,0.4198473282442748,0.7325,0.8197403478628882,0.0014675086641194987,0.0035728193517428706,0.88,0.07007100275424677,0.0014347485054494338,0.1463530100183872,0.06346758783117996,0.7748337387866077,0.6635179929698483,400,1000.0
4,2,2000,1.1554006545660966,1.8635486426939947,2.7775808669555304,0.5461538461538461,0.7825,1.0818978057620072,0.0009895923762447598,0.0022987186160659053,0.91,0.07007100275424677,0.0014347485054494338,0.1463530100183872,0.06346758783117996,0.7748337387866077,0.6635179929698483,400,2000.0
4,3,250,0.2384591057142486,0.28376163307311486,0.4275566861457068,0.030560271646859084,0.42,0.14309012557684678,0.004906297604608416,0.00990412578125836,0.6933333333333334,0.04473369868320896,0.0006575684995342204,0.3681126957923962,0.032170060809081295,0.816245067276232,0.645664606118593,600,250.0
4,3,500,0.30709761166350813,0.41801633747186256,0.5989694640403141,0.09106239460370995,0.5316666666666666,0.23317691203983326,0.0031050989017581006,0.006797474647603259,0.7516666666666667,0.04473369868320896,0.0006575684995342204,0.3681126957923962,0.032170060809081295,0.816245067276232,0.645664606118593,600,500.0
4,3,1000,0.3751710941322141,0.5830601790070066,0.8776559152650474,0.1736930860033727,0.5833333333333334,0.3364287323682896,0.0018424381251120996,0.0037870872602110404,0.8316666666666667,0.04473369868320896,0.0006575684995342204,0.3681126957923962,0.032170060809081295,0.816245067276232,0.645664606118593,600,1000.0
4,3,2000,0.5259087806020459,0.9460339783278302,1.2002897986726244,0.2814070351758794,0.6633333333333333,0.5007734477525057,0.001156115516919052,0.0025594974018908483,0.8666666666666667,0.04473369868320896,0.0006575684995342204,0.3681126957923962,0.032170060809081295,0.816245067276232,0.645664606118593,600,2000.0
4,4,250,0.19735302603056737,0.2640945184820961,0.3798076456215123,0.023166023166023165,0.3375,0.10365362527066986,0.008938163860780791,0.02097049846458955,0.67125,0.07511570847932333,0.0016439866588248094,-0.300966826470258,0.08829933911682472,0.8345525420841073,0.6399201039883267,800,250.0
4,4,500,0.24286152311500822,0.3216676097308785,0.5397379993859828,0.06683480453972257,0.4475,0.16385416168541245,0.005738763685516837,0.01670887249019821,0.7175,0.07511570847932333,0.0016439866588248094,-0.300966826470258,0.08829933911682472,0.8345525420841073,0.6399201039883267,800,500.0
4,4,1000,0.2924848508191985,0.46950993444102695,0.7908423175244896,0.13676286072772897,0.53625,0.2545096088884565,0.003475481591677795,0.009780824753035317,0.8075,0.07511570847932333,0.0016439866588248094,-0.300966826470258,0.08829933911682472,0.8345525420841073,0.6399201039883267,800,1000.0
4,4,2000,0.42932731556951487,0.7318892403221975,1.1761314519489703,0.22418136020151133,0.63,0.3754240875874181,0.0020270331005748706,0.00543323035406754,0.84625,0.07511570847932333,0.0016439866588248094,-0.300966826470258,0.08829933911682472,0.8345525420841073,0.6399201039883267,800,2000.0
4,6,250,0.15447763117214636,0.19367532041205107,0.2557444124218837,0.0033585222502099076,0.25,0.0603665351965963,0.01395007483537638,0.02568133876028907,0.57,0.05471367083843669,0.0007093103683881381,-0.09022892749159561,0.07890465479439888,0.7965780314209452,0.6515210930237562,1200,250.0
4,6,500,0.1828279650033477,0.2353467428389695,0.3339127076131016,0.015050167224080268,0.32666666666666666,0.10727196148909074,0.008430288698521254,0.017563356561001015,0.6425,0.05471367083843669,0.0007093103683881381,-0.09022892749159561,0.07890465479439888,0.7965780314209452,0.6515210930237562,1200,500.0
4,6,1000,0.2362556679761098,0.32759789622141544,0.4913808424719789,0.0451505016722408,0.4325,0.18641342350406143,0.004770220353098056,0.01225824937490625,0.71,0.05471367083843669,0.0007093103683881381,-0.09022892749159561,0.07890465479439888,0.7965780314209452,0.6515210930237562,1200,1000.0
4,6,2000,0.2952314751850347,0.4546565990051381,0.673357510841196,0.1001669449081803,0.52,0.28544168166179135,0.0032636350841065993,0.00803593881326162,0.78,0.05471367083843669,0.0007093103683881381,-0.09022892749159561,0.07890465479439888,0.7965780314209452,0.6515210930237562,1200,2000.0
5,1,250,1.7071456798814375,2.1436661684329805,2.6267518984096383,0.725,0.915,1.63594610499627,0.005459722697464531,0.00658073132963528,0.985,0.09737210070243543,0.000547600128196397,-0.11205725351149134,0.06380836766026202,0.409288243341458,0.8354447181999278,200,250.0
5,1,500,2.43194953570325,2.8524708287910836,3.56005324025582,0.83,0.945,2.3813459757413336,0.0039016902702127543,0.004382668759170061,0.96,0.09737210070243543,0.000547600128196397,-0.11205725351149134,0.06380836766026202,0.409288243341458,0.8354447181999278,200,500.0
5,1,1000,3.50566545983551,3.7142699924421927,5.218936941685448,0.88,0.965,3.561489142817882,0.0024800375704790885,0.002517796606426631,1.0,0.09737210070243543,0.000547600128196397,-0.11205725351149134,0.06380836766026202,0.409288243341458,0.8354447181999278,200,1000.0
5,1,2000,4.715757171670683,5.471034813634715,7.121507750786067,0.915,0.96,4.685795914545034,0.0019036243267956444,0.0025664326953251625,0.99,0.09737210070243543,0.000547600128196397,-0.11205725351149134,0.06380836766026202,0.409288243341458,0.8354447181999278,200,2000.0
5,2,250,0.7493520360120102,1.043818281247142,1.2302544725911826,0.3475,0.73,0.7211115737319691,0.006464766770283235,0.009248134468629631,0.925,0.07832371177978646,0.0005794570795115645,0.026593783507415158,0.0490429542944434,0.37503602734539704,0.8527748237459928,400,250.0
5,2,500,1.0278195904829666,1.479658021992526,1.7979546282219074,0.5125,0.8075,1.0146798402308446,0.004706143999367592,0.005931961811907964,0.93,0.07832371177978646,0.0005794570795115645,0.026593783507415158,0.0490429542944434,0.37503602734539704,0.8527748237459928,400,500.0
5,2,1000,1.3876753971867761,2.202112769738551,2.5993436272202595,0.605,0.8475,1.449120109035718,0.0035097487431210404,0.005123139385273377,0.945,0.07832371177978646,0.0005794570795115645,0.026593783507415158,0.0490429542944434,0.37503602734539704,0.8527748237459928,400,1000.0
5,2,2000,2.004691248098984,2.992786707696613,3.730786181715692,0.7275,0.9075,2.0536619827123586,0.0023461584755126654,0.0033336651677869427,0.9725,0.07832371177978646,0.0005794570795115645,0.026593783507415158,0.0490429542944434,0.37503602734539704,0.8527748237459928,400,2000.0
5,3,250,0.503635833271422,0.7258162920365869,0.9484013574875458,0.23166666666666666,0.6566666666666666,0.535963962889956,0.009736486234109934,0.01482867525184664,0.8766666666666667,0.07883437827572247,0.0005302579312858986,0.06741207172379081,0.03806636974474367,0.36750977856643957,0.8604256597818091,600,250.0
5,3,500,0.7320207466601067,1.1333677676220342,1.4037169669530205,0.39,0.76,0.800354277492007,0.006796146776167298,0.00951030081519072,0.9283333333333333,0.07883437827572247,0.0005302579312858986,0.06741207172379081,0.03806636974474367,0.36750977856643957,0.8604256597818091,600,500.0
5,3,1000,1.1133119606762611,1.6044407769010627,2.06263072376666,0.54,0.83,1.1294285084349198,0.003846922108707838,0.006719069735425012,0.9566666666666667,0.07883437827572247,0.0005302579312858986,0.06741207172379081,0.03806636974474367,0.36750977856643957,0.8604256597818091,600,1000.0
5,3,2000,1.58069978715311,2.271559986738956,2.9156966403989597,0.6516666666666666,0.8733333333333333,1.6449836622290053,0.0031026827004903904,0.004310055930632587,0.965,0.07883437827572247,0.0005302579312858986,0.06741207172379081,0.03806636974474367,0.36750977856643957,0.8604256597818091,600,2000.0
5,4,250,0.31624694389528385,0.44663458343765855,0.6194871551497484,0.1,0.54125,0.3277834147275899,0.012061570655008139,0.019566681917694402,0.80625,0.06605228616308612,0.0004593970464033228,0.08746003833745779,0.06412711142927788,0.3190582501430725,0.8761254120383968,800,250.0
5,4,500,0.47199695838949435,0.7157267346134765,0.9389525297287755,0.21375,0.64875,0.4979198776794579,0.00748891579353542,0.01358263999411621,0.87625,0.06605228616308612,0.0004593970464033228,0.08746003833745779,0.06412711142927788,0.3190582501430725,0.8761254120383968,800,500.0
5,4,1000,0.6889846785211602,1.0674287323344014,1.3596516106858236,0.345,0.75625,0.7099216031159645,0.004543518705622401,0.008287415611666328,0.9125,0.06605228616308612,0.0004593970464033228,0.08746003833745779,0.06412711142927788,0.3190582501430725,0.8761254120383968,800,1000.0
5,4,2000,0.9887184112584253,1.5710591413378883,2.009063988436118,0.4975,0.8275,1.007441964646151,0.0027577776270202928,0.00499510608645725,0.94875,0.06605228616308612,0.0004593970464033228,0.08746003833745779,0.06412711142927788,0.3190582501430725,0.8761254120383968,800,2000.0
5,6,250,0.18903252032202855,0.2542501403918742,0.4285664635003077,0.035833333333333335,0.3458333333333333,0.15973534970254596,0.012866831424837086,0.02328199304505738,0.685,0.06115042680553597,0.000360861091900864,-0.05830659787831772,0.06040805756021538,0.3523095571279067,0.8615719419900861,1200,250.0
5,6,500,0.2650325171019305,0.3933425720390258,0.644676397867574,0.09583333333333334,0.4741666666666667,0.2741755953784313,0.0071049829896980745,0.01451229054335278,0.8025,0.06115042680553597,0.000360861091900864,-0.05830659787831772,0.06040805756021538,0.3523095571279067,0.8615719419900861,1200,500.0
5,6,1000,0.3890445457532284,0.6538007440182065,0.9689116620901032,0.18833333333333332,0.6,0.4123535365128477,0.004542577147048962,0.009080162735628849,0.8416666666666667,0.06115042680553597,0.000360861091900864,-0.05830659787831772,0.06040805756021538,0.3523095571279067,0.8615719419900861,1200,1000.0
5,6,2000,0.5859590959354638,0.9752228622296206,1.4417295374940196,0.31,0.7341666666666666,0.6067989218783816,0.0024958777909980003,0.005911905038708553,0.9025,0.06115042680553597,0.000360861091900864,-0.05830659787831772,0.06040805756021538,0.3523095571279067,0.8615719419900861,1200,2000.0
6,1,250,1.0056038947237491,1.6573170331628837,1.77961363738266,0.5026737967914439,0.76,1.0613835938461105,0.001960214874410276,0.0041719709635909,0.895,0.06930049123452625,0.0020173729058269195,-0.11205725351149134,0.06380836766026202,0.409288243341458,0.8354447181999278,200,250.0
6,1,500,1.2865520297531847,2.093054981021781,2.492897622992932,0.5969387755102041,0.8,1.2713353843809323,0.0014317856926980115,0.0026442761311465295,0.915,0.06930049123452625,0.0020173729058269195,-0.11205725351149134,0.06380836766026202,0.409288243341458,0.8354447181999278,200,500.0
6,1,1000,1.9009735035310371,3.3332486367201426,3.59610174644513,0.654639175257732,0.825,1.8859377008818687,0.0012449452360610697,0.002016706561950777,0.92,0.06930049123452625,0.0020173729058269195,-0.11205725351149134,0.06380836766026202,0.409288243341458,0.8354447181999278,200,1000.0
6,1,2000,2.7122068222730626,4.3278416743433805,4.903552491476689,0.7538461538461538,0.855,2.7157593650913054,0.000760678215429291,0.0013880482067349328,0.945,0.06930049123452625,0.0020173729058269195,-0.11205725351149134,0.06380836766026202,0.409288243341458,0.8354447181999278,200,2000.0
6,2,250,0.43103552400806866,0.6223756933847651,0.8506939362817931,0.17258883248730963,0.6,0.41755259149476903,0.0036057342729375443,0.006288540671400231,0.8525,0.05516680620863198,0.0010735649228930026,0.026593783507415158,0.0490429542944434,0.37503602734539704,0.8527748237459928,400,250.0
6,2,500,0.5607653977603299,0.9117864088332832,1.2627403318438732,0.3047858942065491,0.73,0.5653718449068567,0.0020062775985040205,0.0038110989762124648,0.9175,0.05516680620863198,0.0010735649228930026,0.026593783507415158,0.0490429542944434,0.37503602734539704,0.8527748237459928,400,500.0
6,2,1000,0.8102711213682735,1.3491439674090882,1.7633382161852205,0.4181360201511335,0.785,0.8535021029756159,0.0014648292346924065,0.0030385674991977958,0.9525,0.05516680620863198,0.0010735649228930026,0.026593783507415158,0.0490429542944434,0.37503602734539704,0.8527748237459928,400,1000.0
6,2,2000,1.1054442407348732,1.8884148330375519,2.5014804959859216,0.550251256281407,0.86,1.1355794505347965,0.0009902493943636384,0.0018594129111884614,0.96,0.05516680620863198,0.0010735649228930026,0.026593783507415158,0.0490429542944434,0.37503602734539704,0.8527748237459928,400,2000.0
6,3,250,0.3036024024490055,0.401904964013325,0.5541273566362779,0.06734006734006734,0.5083333333333333,0.23119299294477796,0.005330521956301362,0.01048509514019949,0.8283333333333334,0.05510302464894757,0.0009239460920079474,-0.090598332716777,0.05841742984938735,0.4100531233964824,0.8374203234575937,600,250.0
6,3,500,0.3960089251271259,0.5832660945417784,0.7848577266518887,0.17114093959731544,0.605,0.3717917914991671,0.0031646800085680794,0.006479329703768187,0.8583333333333333,0.05510302464894757,0.0009239460920079474,-0.090598332716777,0.05841742984938735,0.4100531233964824,0.8374203234575937,600,500.0
6,3,1000,0.5660937066406119,0.8657672421506707,1.1655262294438253,0.27638190954773867,0.705,0.5353717569352225,0.002190559353175494,0.004522609784396773,0.8766666666666667,0.05510302464894757,0.0009239460920079474,-0.090598332716777,0.05841742984938735,0.4100531233964824,0.8374203234575937,600,1000.0
6,3,2000,0.8257266729705774,1.1963884804776088,1.7019777583102378,0.4304857621440536,0.765,0.7901200352650933,0.0017055608039986325,0.003056268525883858,0.9116666666666666,0.05510302464894757,0.0009239460920079474,-0.090598332716777,0.05841742984938735,0.4100531233964824,0.8374203234575937,600,2000.0
6,4,250,0.2041619675840704,0.25388153126935414,0.35609514399095626,0.01625,0.3525,0.18170880572528914,0.008231665223300093,0.01491469001769689,0.7025,0.05054177087504168,0.0008266777893418725,0.17632115220034525,0.05283484575288847,0.3700991370253493,0.8587625373763271,800,250.0
6,4,500,0.2882591759410516,0.38130421078690613,0.5300287036845329,0.060075093867334166,0.50875,0.27808013199789006,0.005645502610133062,0.010648396821245196,0.78,0.05054177087504168,0.0008266777893418725,0.17632115220034525,0.05283484575288847,0.3700991370253493,0.8587625373763271,800,500.0
6,4,1000,0.4174212289444801,0.5688986337768777,0.76004276785265,0.15375,0.6525,0.42969967758389227,0.0038452642092534684,0.007126884127305716,0.8375,0.05054177087504168,0.0008266777893418725,0.17632115220034525,0.05283484575288847,0.3700991370253493,0.8587625373763271,800,1000.0
6,4,2000,0.648904882483633,0.8681152858388187,1.113307887563092,0.305,0.7475,0.611453885448024,0.002075203715257509,0.004020031964873743,0.88875,0.05054177087504168,0.0008266777893418725,0.17632115220034525,0.05283484575288847,0.3700991370253493,0.8587625373763271,800,2000.0
6,6,250,0.17382922707842902,0.20002999914780212,0.26520631992298943,0.0025,0.27666666666666667,0.111655020756001,0.01833586737784214,0.03004314663108345,0.5891666666666666,0.05757626842428452,0.0007935898352884749,-0.2326091106152783,0.06971769356343402,0.3859390939602887,0.8456915615735378,1200,250.0
6,6,500,0.2175127836090436,0.27390448564112013,0.37620200362667505,0.01834862385321101,0.3975,0.20271565999367538,0.011156912999310646,0.0210587013613344,0.6825,0.05757626842428452,0.0007935898352884749,-0.2326091106152783,0.06971769356343402,0.3859390939602887,0.8456915615735378,1200,500.0
6,6,1000,0.28374081226969805,0.3808844651568784,0.5479412431691809,0.07666666666666666,0.5033333333333333,0.3299649218560948,0.00773801104325365,0.015504969689623949,0.7891666666666667,0.05757626842428452,0.0007935898352884749,-0.2326091106152783,0.06971769356343402,0.3859390939602887,0.8456915615735378,1200,1000.0
6,6,2000,0.40511444967551424,0.6149420535709281,0.8528431498183993,0.195,0.635,0.474028353265071,0.0042045320445208995,0.009393552590704147,0.8433333333333334,0.05757626842428452,0.0007935898352884749,-0.2326091106152783,0.06971769356343402,0.3859390939602887,0.8456915615735378,1200,2000.0
7,1,250,1.3607525741164463,2.1632836035951533,2.606089253233174,0.56,0.835,1.2324072399617616,0.004621981234261392,0.00562618928601921,0.95,0.09649984725606403,0.0007258786258465642,-0.10264623473263469,0.04684402591524315,0.7946733726848444,0.6512657238628249,200,250.0
7,1,500,1.7901318429561683,3.0121202521197294,3.6475594095953245,0.67,0.875,1.6637582326659262,0.0031957647316970504,0.0038648031855684833,0.96,0.09649984725606403,0.0007258786258465642,-0.10264623473263469,0.04684402591524315,0.7946733726848444,0.6512657238628249,200,500.0
7,1,1000,2.456533753344188,4.062569369838686,5.13632853420399,0.745,0.9,2.523994267984617,0.002509624528372788,0.0028031795370119716,0.995,0.09649984725606403,0.0007258786258465642,-0.10264623473263469,0.04684402591524315,0.7946733726848444,0.6512657238628249,200,1000.0
7,1,2000,3.531654332557454,6.430566937293916,7.050786888126417,0.82,0.94,3.34311603432786,0.001620191107855851,0.0021838201730971594,0.975,0.09649984725606403,0.0007258786258465642,-0.10264623473263469,0.04684402591524315,0.7946733726848444,0.6512657238628249,200,2000.0
7,2,250,0.6236847558410371,1.0458409021501267,1.2323730586474275,0.33,0.7025,0.6586443978831097,0.008117590134068807,0.011998638724350755,0.905,0.08640211889356293,0.0006842261599331748,0.1463530100183872,0.06346758783117996,0.7748337387866077,0.6635179929698483,400,250.0
7,2,500,0.969548041632675,1.5884527024793844,1.7435157922376496,0.4875,0.7875,0.9696815530054352,0.005389308841641767,0.0063387597978501265,0.94,0.08640211889356293,0.0006842261599331748,0.1463530100183872,0.06346758783117996,0.7748337387866077,0.6635179929698483,400,500.0
7,2,1000,1.3753228469959542,2.4036289556150123,2.5724017213513104,0.605,0.8475,1.3535628149153265,0.003839046688538895,0.005581519166777286,0.9625,0.08640211889356293,0.0006842261599331748,0.1463530100183872,0.06346758783117996,0.7748337387866077,0.6635179929698483,400,1000.0
7,2,2000,1.9749930385574253,3.2896997697693564,3.7493399237082414,0.6775,0.8875,1.9224603663355304,0.002659365490127602,0.003741823348818953,0.96,0.08640211889356293,0.0006842261599331748,0.1463530100183872,0.06346758783117996,0.7748337387866077,0.6635179929698483,400,2000.0
7,3,250,0.33195490613162737,0.5289176969072265,0.7025130339646967,0.12,0.54,0.3510444732494856,0.014631639959718824,0.020532980916938504,0.8383333333333334,0.08041770363726586,0.0006407591595935564,0.3681126957923962,0.032170060809081295,0.816245067276232,0.645664606118593,600,250.0
7,3,500,0.49786295615597587,0.8227671757971474,1.0907445520993901,0.25166666666666665,0.6516666666666666,0.5233178344369009,0.008262017171145195,0.012946449126061896,0.8716666666666667,0.08041770363726586,0.0006407591595935564,0.3681126957923962,0.032170060809081295,0.816245067276232,0.645664606118593,600,500.0
7,3,1000,0.7154891189263868,1.347408760719414,1.6212291595375365,0.3933333333333333,0.7266666666666667,0.7464303505842889,0.005426441417370964,0.007878859196547336,0.925,0.08041770363726586,0.0006407591595935564,0.3681126957923962,0.032170060809081295,0.816245067276232,0.645664606118593,600,1000.0
7,3,2000,1.0914149324986604,1.8859145204548087,2.3804598575394116,0.52,0.8166666666666667,1.0724983507078,0.003505881093131956,0.004868220980135288,0.9483333333333334,0.08041770363726586,0.0006407591595935564,0.3681126957923962,0.032170060809081295,0.816245067276232,0.645664606118593,600,2000.0
7,4,250,0.23569751304082254,0.30681045322977474,0.4679426672852151,0.0575,0.42125,0.24806537160614084,0.020910552716926507,0.030906266689210676,0.7225,0.08044860220997682,0.0006067957247152453,-0.300966826470258,0.08829933911682472,0.8345525420841073,0.6399201039883267,800,250.0
7,4,500,0.31437077820751413,0.4823088015621488,0.7292191707534953,0.12875,0.54,0.3719254682744727,0.013155834101720457,0.019882428855792722,0.82875,0.08044860220997682,0.0006067957247152453,-0.300966826470258,0.08829933911682472,0.8345525420841073,0.6399201039883267,800,500.0
7,4,1000,0.4871504475315258,0.749770683276999,1.1086141442980297,0.24375,0.67125,0.5531520118570262,0.00778246542048007,0.013891400507298417,0.89375,0.08044860220997682,0.0006067957247152453,-0.300966826470258,0.08829933911682472,0.8345525420841073,0.6399201039883267,800,1000.0
7,4,2000,0.7024764435123437,1.130137422608952,1.5910233202337813,0.36375,0.76,0.7751403014666227,0.0057001520979136164,0.009379444023109106,0.915,0.08044860220997682,0.0006067957247152453,-0.300966826470258,0.08829933911682472,0.8345525420841073,0.6399201039883267,800,2000.0
7,6,250,0.16201313273453655,0.18315162461968154,0.3004709021473105,0.015833333333333335,0.2475,0.10077650930776506,0.024835715806658554,0.03426502544857474,0.6191666666666666,0.05483168898046037,0.00023782884516407955,-0.09022892749159561,0.07890465479439888,0.7965780314209452,0.6515210930237562,1200,250.0
7,6,500,0.19976976010045328,0.267288786340255,0.43249654326601084,0.04416666666666667,0.3591666666666667,0.17591774034182045,0.015563337052233985,0.02267324312623823,0.6741666666666667,0.05483168898046037,0.00023782884516407955,-0.09022892749159561,0.07890465479439888,0.7965780314209452,0.6515210930237562,1200,500.0
7,6,1000,0.2662941140068249,0.3771927910561121,0.6643274861391985,0.09166666666666666,0.46166666666666667,0.28216478019410185,0.009220657207746667,0.017180798223257618,0.7708333333333334,0.05483168898046037,0.00023782884516407955,-0.09022892749159561,0.07890465479439888,0.7965780314209452,0.6515210930237562,1200,1000.0
7,6,2000,0.38248066443746465,0.5903942334673715,0.9670819319606204,0.17416666666666666,0.6058333333333333,0.4208304883678182,0.006342738804958966,0.01135320878463654,0.8391666666666666,0.05483168898046037,0.00023782884516407955,-0.09022892749159561,0.07890465479439888,0.7965780314209452,0.6515210930237562,1200,2000.0
8,1,250,1.7854052466999972,1.9775417572626577,2.5432216931357954,0.75,0.92,1.774443185163066,0.0042111995532085784,0.006338786817003757,0.965,0.09737210070243543,0.000547600128196397,-0.11205725351149134,0.06380836766026202,0.409288243341458,0.8354447181999278,200,250.0
8,1,500,2.3252762635916175,2.6205164727636623,3.654563065570776,0.83,0.945,2.3852045331614535,0.0034204866030434766,0.004555703793521932,0.985,0.09737210070243543,0.000547600128196397,-0.11205725351149134,0.06380836766026202,0.409288243341458,0.8354447181999278,200,500.0
8,1,1000,3.4254041894629093,3.8157374566544897,5.2106743597990475,0.875,0.955,3.4351418447386806,0.0023957386902827733,0.0025309759204534387,0.99,0.09737210070243543,0.000547600128196397,-0.11205725351149134,0.06380836766026202,0.409288243341458,0.8354447181999278,200,1000.0
8,1,2000,5.009070830197047,5.4164967810501565,7.096704676897731,0.915,0.97,4.867010977527201,0.0016604432773355965,0.0018729511186657785,0.99,0.09737210070243543,0.000547600128196397,-0.11205725351149134,0.06380836766026202,0.409288243341458,0.8354447181999278,200,2000.0
8,2,250,0.6388300602617671,1.0101593530168667,1.2386784586704718,0.3575,0.775,0.7142570474587504,0.0077475916364974,0.009514730899219285,0.91,0.07832371177978646,0.0005794570795115645,0.026593783507415158,0.0490429542944434,0.37503602734539704,0.8527748237459928,400,250.0
8,2,500,1.0223353339583607,1.3682804750416673,1.7938926564456947,0.51,0.8025,1.0003405772356424,0.005466383939873781,0.00690092892483401,0.92,0.07832371177978646,0.0005794570795115645,0.026593783507415158,0.0490429542944434,0.37503602734539704,0.8527748237459928,400,500.0
8,2,1000,1.443385457075355,2.027956677160203,2.5328442432482134,0.615,0.86,1.4143189590674483,0.0035548924697836465,0.004886054530576715,0.9575,0.07832371177978646,0.0005794570795115645,0.026593783507415158,0.0490429542944434,0.37503602734539704,0.8527748237459928,400,1000.0
8,2,2000,2.045077039741951,3.2174074558841532,3.7037169161391654,0.7175,0.9,2.017187242862798,0.002382586962468184,0.003349940953066409,0.975,0.07832371177978646,0.0005794570795115645,0.026593783507415158,0.0490429542944434,0.37503602734539704,0.8527748237459928,400,2000.0
8,3,250,0.459275973602692,0.7023956509887482,0.9096290549667676,0.21,0.6316666666666667,0.5897226766673065,0.013999174267504938,0.01911918115287832,0.8633333333333333,0.09053181462177885,0.0006754386463691375,-0.090598332716777,0.05841742984938735,0.4100531233964824,0.8374203234575937,600,250.0
8,3,500,0.7260668278814916,1.0857170295276404,1.3494535226893363,0.37833333333333335,0.7666666666666667,0.8111546277743964,0.008535464385507691,0.014039872428512599,0.9283333333333333,0.09053181462177885,0.0006754386463691375,-0.090598332716777,0.05841742984938735,0.4100531233964824,0.8374203234575937,600,500.0
8,3,1000,1.129949159882203,1.6912689946220403,2.120225247288467,0.5466666666666666,0.8266666666666667,1.1724088772685626,0.00500797631461769,0.006886965169600825,0.95,0.09053181462177885,0.0006754386463691375,-0.090598332716777,0.05841742984938735,0.4100531233964824,0.8374203234575937,600,1000.0
8,3,2000,1.6079504764979542,2.231158027625319,2.967784749862192,0.6516666666666666,0.865,1.6598023956203456,0.003684821664061401,0.005221704931361945,0.9583333333333334,0.09053181462177885,0.0006754386463691375,-0.090598332716777,0.05841742984938735,0.4100531233964824,0.8374203234575937,600,2000.0
8,4,250,0.260341853025418,0.35080754887391813,0.4956467770776954,0.05,0.45375,0.33063367921058373,0.01845233028985592,0.030032937131313643,0.78,0.07541756921746229,0.0005153181277238974,0.17632115220034525,0.05283484575288847,0.3700991370253493,0.8587625373763271,800,250.0
8,4,500,0.39992078200426484,0.5849404843748804,0.7667781895482685,0.1475,0.605,0.4854016499695919,0.012092497814816017,0.017462651912786314,0.8475,0.07541756921746229,0.0005153181277238974,0.17632115220034525,0.05283484575288847,0.3700991370253493,0.8587625373763271,800,500.0
8,4,1000,0.6255573030973031,0.8737125670677836,1.2020399586736037,0.31375,0.75375,0.7002375578530236,0.007374514339671734,0.011821294169025403,0.90125,0.07541756921746229,0.0005153181277238974,0.17632115220034525,0.05283484575288847,0.3700991370253493,0.8587625373763271,800,1000.0
8,4,2000,0.9529126857082293,1.3774628973873464,1.690704355832439,0.4825,0.79,1.033662923963373,0.004553952069423986,0.006770435220204731,0.945,0.07541756921746229,0.0005153181277238974,0.17632115220034525,0.05283484575288847,0.3700991370253493,0.8587625373763271,800,2000.0
8,6,250,0.18496770941092272,0.23252453919013494,0.3131982433335716,0.011666666666666667,0.31,0.22258507482881662,0.02881397859522239,0.044335111398894,0.6966666666666667,0.08485085855901126,0.0008186279545344352,-0.2326091106152783,0.06971769356343402,0.3859390939602887,0.8456915615735378,1200,250.0
8,6,500,0.2437268398002297,0.36700301701355686,0.4812543263500947,0.04666666666666667,0.44333333333333336,0.35039298002236596,0.021356521231587267,0.036742437564447256,0.755,0.08485085855901126,0.0008186279545344352,-0.2326091106152783,0.06971769356343402,0.3859390939602887,0.8456915615735378,1200,500.0
8,6,1000,0.3826558061707175,0.5486658341704048,0.7136808282630545,0.12583333333333332,0.6025,0.4801764906786128,0.015025544529937748,0.025484699802111106,0.8475,0.08485085855901126,0.0008186279545344352,-0.2326091106152783,0.06971769356343402,0.3859390939602887,0.8456915615735378,1200,1000.0
8,6,2000,0.5832759984143335,0.8316505928572387,1.1135400708270007,0.28,0.7275,0.6725010148165089,0.00853738084147629,0.015978186297742357,0.9091666666666667,0.08485085855901126,0.0008186279545344352,-0.2326091106152783,0.06971769356343402,0.3859390939602887,0.8456915615735378,1200,2000.0
