dataset,configuration_id,E,L,R,depth,metric,n,mean,median,sd,q1,q3,iqr,minimum,maximum,bootstrap_median,bootstrap_ci_lo,bootstrap_ci_hi
independent_seed,1,0,0,0,1,normalized_prepared_state_energy,50,0.48502404235416585,0.4736545027667587,0.1638961379422696,0.3631158252910557,0.598181756540028,0.23506593124897235,0.10353968224816737,0.9145671384309759,0.484069506815453,0.43936280631888086,0.5298963804462608
independent_seed,1,0,0,0,1,prepared_state_fidelity,50,0.04684402591524315,0.011961765267890142,0.08997925835813878,0.005049391286680855,0.03415165517137219,0.029102263884691337,1.7582719730738893e-06,0.4218669130084423,0.045438586038819756,0.024592656521368512,0.07231493877276964
independent_seed,1,0,0,0,2,normalized_prepared_state_energy,50,0.5213527216569093,0.5278680790568644,0.1603050447298152,0.4074829680920339,0.6491741580845958,0.2416911899925619,0.2154566484702327,0.8369840120883104,0.522102903501475,0.47742888390527755,0.5651200018665833
independent_seed,1,0,0,0,2,prepared_state_fidelity,50,0.06346758783117996,0.020138223523362028,0.0971725829400142,0.003216197541648609,0.08772105596419785,0.08450485842254925,7.006766521121853e-10,0.41016992470338176,0.06202056322327583,0.03895584539360801,0.09201360465377402
independent_seed,1,0,0,0,3,normalized_prepared_state_energy,50,0.5441944424434197,0.5403027114422809,0.14296827750975,0.45288146277199437,0.6386701700671193,0.18578870729512498,0.23901761993186416,0.8635888483013693,0.5443266662264301,0.5053193716068933,0.5820330060546525
independent_seed,1,0,0,0,3,prepared_state_fidelity,50,0.037912292651439555,0.009973150030996785,0.05950102953916795,0.0012967693291142876,0.0430222285258538,0.04172545919673951,5.709619090000572e-06,0.28409726477613134,0.03715500602007899,0.02274564645664833,0.05496777838024101
independent_seed,1,0,0,0,4,normalized_prepared_state_energy,50,0.45716291370733964,0.4625717914943913,0.19312643926494374,0.32714826593458857,0.5850774378821494,0.2579291719475608,0.07889557169011809,0.826809289345519,0.45675236728212487,0.4031992588372894,0.5092634111482296
independent_seed,1,0,0,0,4,prepared_state_fidelity,50,0.09623798657327289,0.011541405423666572,0.17911742967776054,0.0013346366184339214,0.09910525107039869,0.09777061445196478,1.6979400685198567e-05,0.7896645864795548,0.09464398713950219,0.05111047785689732,0.14926819765205715
independent_seed,1,0,0,0,6,normalized_prepared_state_energy,50,0.48714612709736366,0.4871018673566787,0.1396693266718407,0.37842534440480197,0.6143043292743925,0.23587898486959052,0.14777316716700173,0.7481480014778313,0.48752351787146475,0.44684892534802584,0.5249827477835598
independent_seed,1,0,0,0,6,prepared_state_fidelity,50,0.07129119400484545,0.015305295361724244,0.13535925667310977,0.0016593757536498674,0.06458701554295837,0.0629276397893085,2.8844279763647966e-08,0.6342375318951339,0.06993946485732669,0.0372701554132574,0.11252656150184409
independent_seed,2,1,0,0,1,normalized_prepared_state_energy,50,0.48365098645003635,0.4900901650913806,0.18313920793480062,0.3418834505943512,0.6056108694345039,0.2637274188401527,0.1446942418693387,0.8817956683827394,0.4834190731699922,0.4350268359251867,0.5323907162436112
independent_seed,2,1,0,0,1,prepared_state_fidelity,50,0.06380836766026202,0.020814332676343444,0.10184404955378373,0.0059101067535432435,0.055577032687163935,0.049666925933620695,2.410276187406362e-07,0.38992671860219325,0.06327029877987553,0.03803343540975389,0.09206601799481903
independent_seed,2,1,0,0,2,normalized_prepared_state_energy,50,0.5038799998508169,0.49220608425188905,0.15013037330346343,0.409424396663707,0.606636076885054,0.19721168022134705,0.2023132999529696,0.896907455370457,0.5027036612247037,0.46365962042177444,0.5441134480276419
independent_seed,2,1,0,0,2,prepared_state_fidelity,50,0.0490429542944434,0.01188863352708035,0.09223048429972898,0.00393412927601701,0.03914586366917972,0.03521173439316271,4.830703656729865e-06,0.4371258698573501,0.04834684423957927,0.026217475104298938,0.07736891667291873
independent_seed,2,1,0,0,3,normalized_prepared_state_energy,50,0.5098353372004639,0.5035913870011132,0.16256730544909476,0.3990253891966498,0.6150855955904626,0.2160602063938128,0.19773263409267808,0.8885180424290369,0.511009689611335,0.4654579641990094,0.5565720424421468
independent_seed,2,1,0,0,3,prepared_state_fidelity,50,0.03806636974474367,0.009311380923378125,0.056682583068238354,0.00197222684662998,0.06355872378071277,0.06158649693408279,4.6842294302620544e-08,0.24427199700758914,0.03732846139599687,0.023360966427430244,0.05444752232983761
independent_seed,2,1,0,0,4,normalized_prepared_state_energy,50,0.5127603105292315,0.5381786313366126,0.15536013613809224,0.4066624181231845,0.6209884388369544,0.21432602071376994,0.18293563843956548,0.8338551047677891,0.5141154446027576,0.4713918815581462,0.5543533049261635
independent_seed,2,1,0,0,4,prepared_state_fidelity,50,0.06412711142927788,0.017454323776276204,0.10961452881038342,0.004699503083337992,0.06760581950619785,0.06290631642285985,2.166942304688176e-05,0.506566715239427,0.06303470143492602,0.037512912310997217,0.09637415839899426
independent_seed,2,1,0,0,6,normalized_prepared_state_energy,50,0.49149314007890493,0.5082914085619736,0.12904884418868698,0.4085236493187267,0.5694736041744761,0.16094995485574942,0.20772966679858318,0.7162967994834907,0.4913388150941399,0.4563794605557108,0.5275424437212548
independent_seed,2,1,0,0,6,prepared_state_fidelity,50,0.06040805756021538,0.022771260625503845,0.0792553310851412,0.007442144585605883,0.08435747228008375,0.07691532769447787,3.537075906183023e-08,0.3040415389479408,0.05977731492947576,0.040321676466366536,0.08248239815814305
independent_seed,3,0,1,0,1,normalized_prepared_state_energy,50,0.48502404235416585,0.4736545027667587,0.1638961379422696,0.3631158252910557,0.598181756540028,0.23506593124897235,0.10353968224816737,0.9145671384309759,0.484069506815453,0.43936280631888086,0.5298963804462608
independent_seed,3,0,1,0,1,prepared_state_fidelity,50,0.04684402591524315,0.011961765267890142,0.08997925835813878,0.005049391286680855,0.03415165517137219,0.029102263884691337,1.7582719730738893e-06,0.4218669130084423,0.045438586038819756,0.024592656521368512,0.07231493877276964
independent_seed,3,0,1,0,2,normalized_prepared_state_energy,50,0.5213527216569093,0.5278680790568644,0.1603050447298152,0.4074829680920339,0.6491741580845958,0.2416911899925619,0.2154566484702327,0.8369840120883104,0.522102903501475,0.47742888390527755,0.5651200018665833
independent_seed,3,0,1,0,2,prepared_state_fidelity,50,0.06346758783117996,0.020138223523362028,0.0971725829400142,0.003216197541648609,0.08772105596419785,0.08450485842254925,7.006766521121853e-10,0.41016992470338176,0.06202056322327583,0.03895584539360801,0.09201360465377402
independent_seed,3,0,1,0,3,normalized_prepared_state_energy,50,0.5441944424434197,0.5403027114422809,0.14296827750975,0.45288146277199437,0.6386701700671193,0.18578870729512498,0.23901761993186416,0.8635888483013693,0.5443266662264301,0.5053193716068933,0.5820330060546525
independent_seed,3,0,1,0,3,prepared_state_fidelity,50,0.037912292651439555,0.009973150030996785,0.05950102953916795,0.0012967693291142876,0.0430222285258538,0.04172545919673951,5.709619090000572e-06,0.28409726477613134,0.03715500602007899,0.02274564645664833,0.05496777838024101
independent_seed,3,0,1,0,4,normalized_prepared_state_energy,50,0.45716291370733964,0.4625717914943913,0.19312643926494374,0.32714826593458857,0.5850774378821494,0.2579291719475608,0.07889557169011809,0.826809289345519,0.45675236728212487,0.4031992588372894,0.5092634111482296
independent_seed,3,0,1,0,4,prepared_state_fidelity,50,0.09623798657327289,0.011541405423666572,0.17911742967776054,0.0013346366184339214,0.09910525107039869,0.09777061445196478,1.6979400685198567e-05,0.7896645864795548,0.09464398713950219,0.05111047785689732,0.14926819765205715
independent_seed,3,0,1,0,6,normalized_prepared_state_energy,50,0.48714612709736366,0.4871018673566787,0.1396693266718407,0.37842534440480197,0.6143043292743925,0.23587898486959052,0.14777316716700173,0.7481480014778313,0.48752351787146475,0.44684892534802584,0.5249827477835598
independent_seed,3,0,1,0,6,prepared_state_fidelity,50,0.07129119400484545,0.015305295361724244,0.13535925667310977,0.0016593757536498674,0.06458701554295837,0.0629276397893085,2.8844279763647966e-08,0.6342375318951339,0.06993946485732669,0.0372701554132574,0.11252656150184409
independent_seed,4,0,0,1,1,normalized_prepared_state_energy,50,0.48502404235416585,0.4736545027667587,0.1638961379422696,0.3631158252910557,0.598181756540028,0.23506593124897235,0.10353968224816737,0.9145671384309759,0.484069506815453,0.43936280631888086,0.5298963804462608
independent_seed,4,0,0,1,1,prepared_state_fidelity,50,0.04684402591524315,0.011961765267890142,0.08997925835813878,0.005049391286680855,0.03415165517137219,0.029102263884691337,1.7582719730738893e-06,0.4218669130084423,0.045438586038819756,0.024592656521368512,0.07231493877276964
independent_seed,4,0,0,1,2,normalized_prepared_state_energy,50,0.5213527216569093,0.5278680790568644,0.1603050447298152,0.4074829680920339,0.6491741580845958,0.2416911899925619,0.2154566484702327,0.8369840120883104,0.522102903501475,0.47742888390527755,0.5651200018665833
independent_seed,4,0,0,1,2,prepared_state_fidelity,50,0.06346758783117996,0.020138223523362028,0.0971725829400142,0.003216197541648609,0.08772105596419785,0.08450485842254925,7.006766521121853e-10,0.41016992470338176,0.06202056322327583,0.03895584539360801,0.09201360465377402
independent_seed,4,0,0,1,3,normalized_prepared_state_energy,50,0.5537071832731149,0.5502594740384839,0.15189606699543973,0.4512685776295603,0.6454936906718198,0.19422511304225953,0.08769395660433092,0.8957209350309546,0.5541820631270851,0.5114969067497056,0.5956192983804778
independent_seed,4,0,0,1,3,prepared_state_fidelity,50,0.032170060809081295,0.009713063444061459,0.05254371064794081,0.000839434345161607,0.030306066637311044,0.029466632292149436,1.2352665160653317e-08,0.2116620928065441,0.031661759210089874,0.01882922639635977,0.047435985577189865
independent_seed,4,0,0,1,4,normalized_prepared_state_energy,50,0.4560893153289072,0.440782519964546,0.17028624318860366,0.3662877932388797,0.5788063852759142,0.2125185920370345,0.09672262679850206,0.7778200991858273,0.4554670151482199,0.40912384069041485,0.5019082706526692
independent_seed,4,0,0,1,4,prepared_state_fidelity,50,0.08829933911682472,0.010358310290937334,0.15772193851967858,0.0015800205548184725,0.11738258730513171,0.11580256675031324,4.67468086980627e-06,0.8066124247685246,0.08752796115025765,0.05020750547376706,0.1362180045052949
independent_seed,4,0,0,1,6,normalized_prepared_state_energy,50,0.48683571199603326,0.5131466388076975,0.14903419422000647,0.38302515412020033,0.5945043696047803,0.21147921548457993,0.1416875129451532,0.8612444173164244,0.48702286550776963,0.4449535554028037,0.5262473184600436
independent_seed,4,0,0,1,6,prepared_state_fidelity,50,0.07890465479439888,0.02001639002192801,0.1489046547677395,0.003302222791634474,0.08069485741180304,0.07739263462016857,1.4699887544722445e-07,0.6528123396335986,0.07656000022284079,0.04189632604201545,0.12177816173725702
independent_seed,5,1,1,0,1,normalized_prepared_state_energy,50,0.48365098645003635,0.4900901650913806,0.18313920793480062,0.3418834505943512,0.6056108694345039,0.2637274188401527,0.1446942418693387,0.8817956683827394,0.4834190731699922,0.4350268359251867,0.5323907162436112
independent_seed,5,1,1,0,1,prepared_state_fidelity,50,0.06380836766026202,0.020814332676343444,0.10184404955378373,0.0059101067535432435,0.055577032687163935,0.049666925933620695,2.410276187406362e-07,0.38992671860219325,0.06327029877987553,0.03803343540975389,0.09206601799481903
independent_seed,5,1,1,0,2,normalized_prepared_state_energy,50,0.5038799998508169,0.49220608425188905,0.15013037330346343,0.409424396663707,0.606636076885054,0.19721168022134705,0.2023132999529696,0.896907455370457,0.5027036612247037,0.46365962042177444,0.5441134480276419
independent_seed,5,1,1,0,2,prepared_state_fidelity,50,0.0490429542944434,0.01188863352708035,0.09223048429972898,0.00393412927601701,0.03914586366917972,0.03521173439316271,4.830703656729865e-06,0.4371258698573501,0.04834684423957927,0.026217475104298938,0.07736891667291873
independent_seed,5,1,1,0,3,normalized_prepared_state_energy,50,0.5098353372004639,0.5035913870011132,0.16256730544909476,0.3990253891966498,0.6150855955904626,0.2160602063938128,0.19773263409267808,0.8885180424290369,0.511009689611335,0.4654579641990094,0.5565720424421468
independent_seed,5,1,1,0,3,prepared_state_fidelity,50,0.03806636974474367,0.009311380923378125,0.056682583068238354,0.00197222684662998,0.06355872378071277,0.06158649693408279,4.6842294302620544e-08,0.24427199700758914,0.03732846139599687,0.023360966427430244,0.05444752232983761
independent_seed,5,1,1,0,4,normalized_prepared_state_energy,50,0.5127603105292315,0.5381786313366126,0.15536013613809224,0.4066624181231845,0.6209884388369544,0.21432602071376994,0.18293563843956548,0.8338551047677891,0.5141154446027576,0.4713918815581462,0.5543533049261635
independent_seed,5,1,1,0,4,prepared_state_fidelity,50,0.06412711142927788,0.017454323776276204,0.10961452881038342,0.004699503083337992,0.06760581950619785,0.06290631642285985,2.166942304688176e-05,0.506566715239427,0.06303470143492602,0.037512912310997217,0.09637415839899426
independent_seed,5,1,1,0,6,normalized_prepared_state_energy,50,0.49149314007890493,0.5082914085619736,0.12904884418868698,0.4085236493187267,0.5694736041744761,0.16094995485574942,0.20772966679858318,0.7162967994834907,0.4913388150941399,0.4563794605557108,0.5275424437212548
independent_seed,5,1,1,0,6,prepared_state_fidelity,50,0.06040805756021538,0.022771260625503845,0.0792553310851412,0.007442144585605883,0.08435747228008375,0.07691532769447787,3.537075906183023e-08,0.3040415389479408,0.05977731492947576,0.040321676466366536,0.08248239815814305
independent_seed,6,1,0,1,1,normalized_prepared_state_energy,50,0.48365098645003635,0.4900901650913806,0.18313920793480062,0.3418834505943512,0.6056108694345039,0.2637274188401527,0.1446942418693387,0.8817956683827394,0.4834190731699922,0.4350268359251867,0.5323907162436112
independent_seed,6,1,0,1,1,prepared_state_fidelity,50,0.06380836766026202,0.020814332676343444,0.10184404955378373,0.0059101067535432435,0.055577032687163935,0.049666925933620695,2.410276187406362e-07,0.38992671860219325,0.06327029877987553,0.03803343540975389,0.09206601799481903
independent_seed,6,1,0,1,2,normalized_prepared_state_energy,50,0.5038799998508169,0.49220608425188905,0.15013037330346343,0.409424396663707,0.606636076885054,0.19721168022134705,0.2023132999529696,0.896907455370457,0.5027036612247037,0.46365962042177444,0.5441134480276419
independent_seed,6,1,0,1,2,prepared_state_fidelity,50,0.0490429542944434,0.01188863352708035,0.09223048429972898,0.00393412927601701,0.03914586366917972,0.03521173439316271,4.830703656729865e-06,0.4371258698573501,0.04834684423957927,0.026217475104298938,0.07736891667291873
independent_seed,6,1,0,1,3,normalized_prepared_state_energy,50,0.48678181623433403,0.4474165831753926,0.18455715541464754,0.3459703968399392,0.654575665924862,0.30860526908492286,0.10033498913591628,0.8177979244199526,0.4878176175702713,0.43654557222545404,0.5384880678034151
independent_seed,6,1,0,1,3,prepared_state_fidelity,50,0.05841742984938735,0.01564724607496938,0.09476643005302207,0.0024722323268365843,0.06527966457360738,0.0628074322467708,9.402061346077175e-06,0.3788672376511781,0.05730950854840343,0.03363751649870307,0.08713620181302618
independent_seed,6,1,0,1,4,normalized_prepared_state_energy,50,0.5257250362304574,0.4864299081069198,0.14120611827376753,0.42869743365627555,0.6263762153902749,0.19767878173399933,0.17634042384476162,0.8093525569041589,0.5266574526545875,0.4890998143651455,0.5626732821620711
independent_seed,6,1,0,1,4,prepared_state_fidelity,50,0.05283484575288847,0.012736341375155719,0.11105788131369083,0.003514765355919529,0.032861000114143404,0.029346234758223875,1.5168626543035528e-06,0.5454219081859785,0.05166265838688396,0.026786170139345068,0.08492728215201213
independent_seed,6,1,0,1,6,normalized_prepared_state_energy,50,0.4660626208288766,0.4542799645807815,0.1452242076922979,0.3642700202525416,0.5833711132848461,0.21910109303230452,0.12419850561197082,0.74940326644861,0.46628176044126,0.4259021888700498,0.5069339512019232
independent_seed,6,1,0,1,6,prepared_state_fidelity,50,0.06971769356343402,0.025839354301807577,0.09675805359850223,0.0063975235524642154,0.1007340089183606,0.09433648536589638,4.704925278733867e-05,0.4176089459196953,0.06926494898267024,0.04549873310002244,0.09781742180252896
independent_seed,7,0,1,1,1,normalized_prepared_state_energy,50,0.48502404235416585,0.4736545027667587,0.1638961379422696,0.3631158252910557,0.598181756540028,0.23506593124897235,0.10353968224816737,0.9145671384309759,0.484069506815453,0.43936280631888086,0.5298963804462608
independent_seed,7,0,1,1,1,prepared_state_fidelity,50,0.04684402591524315,0.011961765267890142,0.08997925835813878,0.005049391286680855,0.03415165517137219,0.029102263884691337,1.7582719730738893e-06,0.4218669130084423,0.045438586038819756,0.024592656521368512,0.07231493877276964
independent_seed,7,0,1,1,2,normalized_prepared_state_energy,50,0.5213527216569093,0.5278680790568644,0.1603050447298152,0.4074829680920339,0.6491741580845958,0.2416911899925619,0.2154566484702327,0.8369840120883104,0.522102903501475,0.47742888390527755,0.5651200018665833
independent_seed,7,0,1,1,2,prepared_state_fidelity,50,0.06346758783117996,0.020138223523362028,0.0971725829400142,0.003216197541648609,0.08772105596419785,0.08450485842254925,7.006766521121853e-10,0.41016992470338176,0.06202056322327583,0.03895584539360801,0.09201360465377402
independent_seed,7,0,1,1,3,normalized_prepared_state_energy,50,0.5537071832731149,0.5502594740384839,0.15189606699543973,0.4512685776295603,0.6454936906718198,0.19422511304225953,0.08769395660433092,0.8957209350309546,0.5541820631270851,0.5114969067497056,0.5956192983804778
independent_seed,7,0,1,1,3,prepared_state_fidelity,50,0.032170060809081295,0.009713063444061459,0.05254371064794081,0.000839434345161607,0.030306066637311044,0.029466632292149436,1.2352665160653317e-08,0.2116620928065441,0.031661759210089874,0.01882922639635977,0.047435985577189865
independent_seed,7,0,1,1,4,normalized_prepared_state_energy,50,0.4560893153289072,0.440782519964546,0.17028624318860366,0.3662877932388797,0.5788063852759142,0.2125185920370345,0.09672262679850206,0.7778200991858273,0.4554670151482199,0.40912384069041485,0.5019082706526692
independent_seed,7,0,1,1,4,prepared_state_fidelity,50,0.08829933911682472,0.010358310290937334,0.15772193851967858,0.0015800205548184725,0.11738258730513171,0.11580256675031324,4.67468086980627e-06,0.8066124247685246,0.08752796115025765,0.05020750547376706,0.1362180045052949
independent_seed,7,0,1,1,6,normalized_prepared_state_energy,50,0.48683571199603326,0.5131466388076975,0.14903419422000647,0.38302515412020033,0.5945043696047803,0.21147921548457993,0.1416875129451532,0.8612444173164244,0.48702286550776963,0.4449535554028037,0.5262473184600436
independent_seed,7,0,1,1,6,prepared_state_fidelity,50,0.07890465479439888,0.02001639002192801,0.1489046547677395,0.003302222791634474,0.08069485741180304,0.07739263462016857,1.4699887544722445e-07,0.6528123396335986,0.07656000022284079,0.04189632604201545,0.12177816173725702
independent_seed,8,1,1,1,1,normalized_prepared_state_energy,50,0.48365098645003635,0.4900901650913806,0.18313920793480062,0.3418834505943512,0.6056108694345039,0.2637274188401527,0.1446942418693387,0.8817956683827394,0.4834190731699922,0.4350268359251867,0.5323907162436112
independent_seed,8,1,1,1,1,prepared_state_fidelity,50,0.06380836766026202,0.020814332676343444,0.10184404955378373,0.0059101067535432435,0.055577032687163935,0.049666925933620695,2.410276187406362e-07,0.38992671860219325,0.06327029877987553,0.03803343540975389,0.09206601799481903
independent_seed,8,1,1,1,2,normalized_prepared_state_energy,50,0.5038799998508169,0.49220608425188905,0.15013037330346343,0.409424396663707,0.606636076885054,0.19721168022134705,0.2023132999529696,0.896907455370457,0.5027036612247037,0.46365962042177444,0.5441134480276419
independent_seed,8,1,1,1,2,prepared_state_fidelity,50,0.0490429542944434,0.01188863352708035,0.09223048429972898,0.00393412927601701,0.03914586366917972,0.03521173439316271,4.830703656729865e-06,0.4371258698573501,0.04834684423957927,0.026217475104298938,0.07736891667291873
independent_seed,8,1,1,1,3,normalized_prepared_state_energy,50,0.48678181623433403,0.4474165831753926,0.18455715541464754,0.3459703968399392,0.654575665924862,0.30860526908492286,0.10033498913591628,0.8177979244199526,0.4878176175702713,0.43654557222545404,0.5384880678034151
independent_seed,8,1,1,1,3,prepared_state_fidelity,50,0.05841742984938735,0.01564724607496938,0.09476643005302207,0.0024722323268365843,0.06527966457360738,0.0628074322467708,9.402061346077175e-06,0.3788672376511781,0.05730950854840343,0.03363751649870307,0.08713620181302618
independent_seed,8,1,1,1,4,normalized_prepared_state_energy,50,0.5257250362304574,0.4864299081069198,0.14120611827376753,0.42869743365627555,0.6263762153902749,0.19767878173399933,0.17634042384476162,0.8093525569041589,0.5266574526545875,0.4890998143651455,0.5626732821620711
independent_seed,8,1,1,1,4,prepared_state_fidelity,50,0.05283484575288847,0.012736341375155719,0.11105788131369083,0.003514765355919529,0.032861000114143404,0.029346234758223875,1.5168626543035528e-06,0.5454219081859785,0.05166265838688396,0.026786170139345068,0.08492728215201213
independent_seed,8,1,1,1,6,normalized_prepared_state_energy,50,0.4660626208288766,0.4542799645807815,0.1452242076922979,0.3642700202525416,0.5833711132848461,0.21910109303230452,0.12419850561197082,0.74940326644861,0.46628176044126,0.4259021888700498,0.5069339512019232
independent_seed,8,1,1,1,6,prepared_state_fidelity,50,0.06971769356343402,0.025839354301807577,0.09675805359850223,0.0063975235524642154,0.1007340089183606,0.09433648536589638,4.704925278733867e-05,0.4176089459196953,0.06926494898267024,0.04549873310002244,0.09781742180252896
original,1,0,0,0,1,normalized_prepared_state_energy,50,0.5196022924551632,0.5291353350908494,0.16071450190516523,0.39474004570371307,0.648606629543194,0.25386658383948096,0.2036740426616104,0.8338299556621247,0.5187699893478812,0.4727541703002375,0.5637945104920105
original,1,0,0,0,1,prepared_state_fidelity,50,0.046720832118519864,0.005312908467696426,0.09715594315238635,0.0005795428953352099,0.04357644822373012,0.04299690532839491,3.086596303538718e-07,0.5719649954071843,0.046258552323451205,0.024112499225954962,0.07508068019516442
original,1,0,0,0,2,normalized_prepared_state_energy,50,0.4801135952760086,0.5146122088616092,0.15905095893308785,0.376628900892914,0.5958168399917936,0.21918793909887957,0.07881051101416202,0.8163421827599905,0.47986500938869986,0.43460505364878194,0.5230184856334178
original,1,0,0,0,2,prepared_state_fidelity,50,0.0817185084866797,0.013239634460216424,0.14115153542785447,0.0009782093189347454,0.10194987439934204,0.1009716650804073,1.634902958604844e-07,0.64314449242066,0.0810256768377593,0.04577162871495538,0.12307079284287173
original,1,0,0,0,3,normalized_prepared_state_energy,50,0.47295686666945613,0.4564179705071503,0.17978817173864334,0.3504622300187077,0.5946798285664007,0.24421759854769298,0.10352662679089557,0.8580915920843393,0.47446648185322116,0.4239352150437514,0.5244029401736386
original,1,0,0,0,3,prepared_state_fidelity,50,0.07382416056180402,0.016477489833179825,0.12904072678053408,0.0014132294316183587,0.08120974169774658,0.07979651226612823,2.291678735580271e-06,0.6700846497877968,0.07241098940579505,0.042331519089297644,0.11120174190120861
original,1,0,0,0,4,normalized_prepared_state_energy,50,0.46305396491044376,0.4555503569332833,0.14561287215746901,0.3526362342394134,0.5684804881357979,0.21584425389638445,0.08741054820028621,0.8462401612855637,0.46241585223423065,0.4230666193248661,0.5029310153153747
original,1,0,0,0,4,prepared_state_fidelity,50,0.0644346017280046,0.014610523931607316,0.09985822819381758,0.0016698375947918945,0.0821067429181005,0.0804369053233086,3.994183019708302e-09,0.4052142120214422,0.06389230252666855,0.039379108732534966,0.09246003251480742
original,1,0,0,0,6,normalized_prepared_state_energy,50,0.5440172418457516,0.5459635109317165,0.1702725585839959,0.4164956805234993,0.6631737326815289,0.24667805215802963,0.1535231011035307,0.9215928185866379,0.5449025822944968,0.4975802279414413,0.5922259400312307
original,1,0,0,0,6,prepared_state_fidelity,50,0.05237654172606783,0.007740255324170893,0.09917654157843826,0.0019553153650110674,0.05262728551142311,0.05067197014641204,2.1152840062940048e-05,0.5174608903868118,0.05069858241808868,0.027363365964902003,0.0816752096558685
original,2,1,0,0,1,normalized_prepared_state_energy,50,0.522026690220705,0.5357336171084659,0.17792341996975752,0.3996995284259951,0.6207893455167852,0.22108981709079012,0.10623525233546063,0.9578443622647678,0.5231156112981008,0.47341223927157466,0.5682178531313361
original,2,1,0,0,1,prepared_state_fidelity,50,0.03378536866073165,0.012321696924945912,0.05505629405440904,0.0012273783295292276,0.04191389442947491,0.04068651609994568,1.9532229472438702e-06,0.30963220920087575,0.033329091126673926,0.020866613301861625,0.04885151987333727
original,2,1,0,0,2,normalized_prepared_state_energy,50,0.46635594671810393,0.46941844617761747,0.1555887393703011,0.36284799916185717,0.5772880626891411,0.21444006352728395,0.11273439179584278,0.7967506287600756,0.4659912614748517,0.4218076525733772,0.5069639922808129
original,2,1,0,0,2,prepared_state_fidelity,50,0.07882479709701452,0.036395621856752824,0.11442741391895385,0.004050923499838404,0.0902916253322591,0.08624070183242069,9.464436481877105e-06,0.47793790075391834,0.07858239678394172,0.04974242799099657,0.11111751829160023
original,2,1,0,0,3,normalized_prepared_state_energy,50,0.5088378350436215,0.52558416668377,0.17507599622468772,0.38993480511345613,0.6133007961683994,0.22336599105494326,0.11948430555859911,0.8363393559748851,0.5088909618897489,0.46369767617851815,0.5561945763091151
original,2,1,0,0,3,prepared_state_fidelity,50,0.06189971118122808,0.01533316918270388,0.09286874504421938,0.006016206079203631,0.08249811317259718,0.07648190709339356,3.0554613282967635e-05,0.41161293351148875,0.06096294229351488,0.03752862918109651,0.08798049991019652
original,2,1,0,0,4,normalized_prepared_state_energy,50,0.5274080068606805,0.5590684054412194,0.13956250874684428,0.45133875824420877,0.612366171226262,0.16102741298205325,0.08789067131686733,0.7993921777531408,0.5277507229638079,0.48889202673030785,0.5654704230243223
original,2,1,0,0,4,prepared_state_fidelity,50,0.05398206916462847,0.01494461725874887,0.09266866252122566,0.002382539851050013,0.051300351100983896,0.048917811249933885,4.526726064531464e-06,0.47811506089130557,0.0528634631144175,0.029878864680294423,0.08180980436607257
original,2,1,0,0,6,normalized_prepared_state_energy,50,0.48370190292494347,0.46782744737784465,0.15479931616303516,0.3872971937270955,0.5826366134139289,0.19533941968683344,0.1102517384829229,0.8259339545248194,0.48387773803745837,0.44320122982579013,0.5246974516000132
original,2,1,0,0,6,prepared_state_fidelity,50,0.055437889515644795,0.015972566254055607,0.0975544586135983,0.005490428830754214,0.044314288889440744,0.03882386005868653,3.146947105371026e-06,0.42445048417992065,0.054209971465726425,0.030219054592646004,0.08562675926723659
original,3,0,1,0,1,normalized_prepared_state_energy,50,0.5196022924551632,0.5291353350908494,0.16071450190516523,0.39474004570371307,0.648606629543194,0.25386658383948096,0.2036740426616104,0.8338299556621247,0.5187699893478812,0.4727541703002375,0.5637945104920105
original,3,0,1,0,1,prepared_state_fidelity,50,0.046720832118519864,0.005312908467696426,0.09715594315238635,0.0005795428953352099,0.04357644822373012,0.04299690532839491,3.086596303538718e-07,0.5719649954071843,0.046258552323451205,0.024112499225954962,0.07508068019516442
original,3,0,1,0,2,normalized_prepared_state_energy,50,0.4801135952760086,0.5146122088616092,0.15905095893308785,0.376628900892914,0.5958168399917936,0.21918793909887957,0.07881051101416202,0.8163421827599905,0.47986500938869986,0.43460505364878194,0.5230184856334178
original,3,0,1,0,2,prepared_state_fidelity,50,0.0817185084866797,0.013239634460216424,0.14115153542785447,0.0009782093189347454,0.10194987439934204,0.1009716650804073,1.634902958604844e-07,0.64314449242066,0.0810256768377593,0.04577162871495538,0.12307079284287173
original,3,0,1,0,3,normalized_prepared_state_energy,50,0.47295686666945613,0.4564179705071503,0.17978817173864334,0.3504622300187077,0.5946798285664007,0.24421759854769298,0.10352662679089557,0.8580915920843393,0.47446648185322116,0.4239352150437514,0.5244029401736386
original,3,0,1,0,3,prepared_state_fidelity,50,0.07382416056180402,0.016477489833179825,0.12904072678053408,0.0014132294316183587,0.08120974169774658,0.07979651226612823,2.291678735580271e-06,0.6700846497877968,0.07241098940579505,0.042331519089297644,0.11120174190120861
original,3,0,1,0,4,normalized_prepared_state_energy,50,0.46305396491044376,0.4555503569332833,0.14561287215746901,0.3526362342394134,0.5684804881357979,0.21584425389638445,0.08741054820028621,0.8462401612855637,0.46241585223423065,0.4230666193248661,0.5029310153153747
original,3,0,1,0,4,prepared_state_fidelity,50,0.0644346017280046,0.014610523931607316,0.09985822819381758,0.0016698375947918945,0.0821067429181005,0.0804369053233086,3.994183019708302e-09,0.4052142120214422,0.06389230252666855,0.039379108732534966,0.09246003251480742
original,3,0,1,0,6,normalized_prepared_state_energy,50,0.5440172418457516,0.5459635109317165,0.1702725585839959,0.4164956805234993,0.6631737326815289,0.24667805215802963,0.1535231011035307,0.9215928185866379,0.5449025822944968,0.4975802279414413,0.5922259400312307
original,3,0,1,0,6,prepared_state_fidelity,50,0.05237654172606783,0.007740255324170893,0.09917654157843826,0.0019553153650110674,0.05262728551142311,0.05067197014641204,2.1152840062940048e-05,0.5174608903868118,0.05069858241808868,0.027363365964902003,0.0816752096558685
original,4,0,0,1,1,normalized_prepared_state_energy,50,0.5196022924551632,0.5291353350908494,0.16071450190516523,0.39474004570371307,0.648606629543194,0.25386658383948096,0.2036740426616104,0.8338299556621247,0.5187699893478812,0.4727541703002375,0.5637945104920105
original,4,0,0,1,1,prepared_state_fidelity,50,0.046720832118519864,0.005312908467696426,0.09715594315238635,0.0005795428953352099,0.04357644822373012,0.04299690532839491,3.086596303538718e-07,0.5719649954071843,0.046258552323451205,0.024112499225954962,0.07508068019516442
original,4,0,0,1,2,normalized_prepared_state_energy,50,0.4801135952760086,0.5146122088616092,0.15905095893308785,0.376628900892914,0.5958168399917936,0.21918793909887957,0.07881051101416202,0.8163421827599905,0.47986500938869986,0.43460505364878194,0.5230184856334178
original,4,0,0,1,2,prepared_state_fidelity,50,0.0817185084866797,0.013239634460216424,0.14115153542785447,0.0009782093189347454,0.10194987439934204,0.1009716650804073,1.634902958604844e-07,0.64314449242066,0.0810256768377593,0.04577162871495538,0.12307079284287173
original,4,0,0,1,3,normalized_prepared_state_energy,50,0.4806488119894113,0.4632623331801189,0.1777025225588421,0.3556042374164079,0.6003509536866412,0.24474671627023326,0.08262440733827776,0.9065346537100785,0.4820749579885121,0.432182600569245,0.5295729499669352
original,4,0,0,1,3,prepared_state_fidelity,50,0.07455673085616524,0.008722153418666664,0.12679630994018848,0.001936666719505608,0.09017851313245522,0.0882418464129496,1.1668676468063759e-05,0.508172484497781,0.07316853659942799,0.04220506619640845,0.10967156649498476
original,4,0,0,1,4,normalized_prepared_state_energy,50,0.4774153602603225,0.5006530343835567,0.15387878736816626,0.36399482889119333,0.5928314186183294,0.2288365897271361,0.08485597539853262,0.7903319536410983,0.47720828435648904,0.43293516133931065,0.5197533535806826
original,4,0,0,1,4,prepared_state_fidelity,50,0.06549039655064354,0.01069933979346694,0.14023384986816448,0.0031781004435576772,0.05230298217703218,0.0491248817334745,2.8608192962205405e-07,0.8042598376766322,0.06397984680545363,0.03307504631796813,0.10863362814384936
original,4,0,0,1,6,normalized_prepared_state_energy,50,0.5439479633780174,0.5534222942946347,0.16504644299625254,0.4235193584673984,0.6633400452802698,0.2398206868128714,0.2196368225109124,0.8866320621166225,0.5452246877435307,0.4986967573109363,0.5900082953966853
original,4,0,0,1,6,prepared_state_fidelity,50,0.04473955631620502,0.010040402461100795,0.08766521495519786,0.0018529508706779088,0.04262334490126875,0.04077039403059084,1.0860410460736941e-07,0.46493046457028614,0.04335992662596595,0.022526797509065107,0.07009251909019608
original,5,1,1,0,1,normalized_prepared_state_energy,50,0.522026690220705,0.5357336171084659,0.17792341996975752,0.3996995284259951,0.6207893455167852,0.22108981709079012,0.10623525233546063,0.9578443622647678,0.5231156112981008,0.47341223927157466,0.5682178531313361
original,5,1,1,0,1,prepared_state_fidelity,50,0.03378536866073165,0.012321696924945912,0.05505629405440904,0.0012273783295292276,0.04191389442947491,0.04068651609994568,1.9532229472438702e-06,0.30963220920087575,0.033329091126673926,0.020866613301861625,0.04885151987333727
original,5,1,1,0,2,normalized_prepared_state_energy,50,0.46635594671810393,0.46941844617761747,0.1555887393703011,0.36284799916185717,0.5772880626891411,0.21444006352728395,0.11273439179584278,0.7967506287600756,0.4659912614748517,0.4218076525733772,0.5069639922808129
original,5,1,1,0,2,prepared_state_fidelity,50,0.07882479709701452,0.036395621856752824,0.11442741391895385,0.004050923499838404,0.0902916253322591,0.08624070183242069,9.464436481877105e-06,0.47793790075391834,0.07858239678394172,0.04974242799099657,0.11111751829160023
original,5,1,1,0,3,normalized_prepared_state_energy,50,0.5088378350436215,0.52558416668377,0.17507599622468772,0.38993480511345613,0.6133007961683994,0.22336599105494326,0.11948430555859911,0.8363393559748851,0.5088909618897489,0.46369767617851815,0.5561945763091151
original,5,1,1,0,3,prepared_state_fidelity,50,0.06189971118122808,0.01533316918270388,0.09286874504421938,0.006016206079203631,0.08249811317259718,0.07648190709339356,3.0554613282967635e-05,0.41161293351148875,0.06096294229351488,0.03752862918109651,0.08798049991019652
original,5,1,1,0,4,normalized_prepared_state_energy,50,0.5274080068606805,0.5590684054412194,0.13956250874684428,0.45133875824420877,0.612366171226262,0.16102741298205325,0.08789067131686733,0.7993921777531408,0.5277507229638079,0.48889202673030785,0.5654704230243223
original,5,1,1,0,4,prepared_state_fidelity,50,0.05398206916462847,0.01494461725874887,0.09266866252122566,0.002382539851050013,0.051300351100983896,0.048917811249933885,4.526726064531464e-06,0.47811506089130557,0.0528634631144175,0.029878864680294423,0.08180980436607257
original,5,1,1,0,6,normalized_prepared_state_energy,50,0.48370190292494347,0.46782744737784465,0.15479931616303516,0.3872971937270955,0.5826366134139289,0.19533941968683344,0.1102517384829229,0.8259339545248194,0.48387773803745837,0.44320122982579013,0.5246974516000132
original,5,1,1,0,6,prepared_state_fidelity,50,0.055437889515644795,0.015972566254055607,0.0975544586135983,0.005490428830754214,0.044314288889440744,0.03882386005868653,3.146947105371026e-06,0.42445048417992065,0.054209971465726425,0.030219054592646004,0.08562675926723659
original,6,1,0,1,1,normalized_prepared_state_energy,50,0.522026690220705,0.5357336171084659,0.17792341996975752,0.3996995284259951,0.6207893455167852,0.22108981709079012,0.10623525233546063,0.9578443622647678,0.5231156112981008,0.47341223927157466,0.5682178531313361
original,6,1,0,1,1,prepared_state_fidelity,50,0.03378536866073165,0.012321696924945912,0.05505629405440904,0.0012273783295292276,0.04191389442947491,0.04068651609994568,1.9532229472438702e-06,0.30963220920087575,0.033329091126673926,0.020866613301861625,0.04885151987333727
original,6,1,0,1,2,normalized_prepared_state_energy,50,0.46635594671810393,0.46941844617761747,0.1555887393703011,0.36284799916185717,0.5772880626891411,0.21444006352728395,0.11273439179584278,0.7967506287600756,0.4659912614748517,0.4218076525733772,0.5069639922808129
original,6,1,0,1,2,prepared_state_fidelity,50,0.07882479709701452,0.036395621856752824,0.11442741391895385,0.004050923499838404,0.0902916253322591,0.08624070183242069,9.464436481877105e-06,0.47793790075391834,0.07858239678394172,0.04974242799099657,0.11111751829160023
original,6,1,0,1,3,normalized_prepared_state_energy,50,0.47504092006915566,0.5064140607448382,0.17761841658501293,0.3527004996054738,0.5960138831529685,0.24331338354749477,0.07351841944593537,0.758589033131523,0.4759154929051468,0.4253820837014509,0.5220374101228312
original,6,1,0,1,3,prepared_state_fidelity,50,0.0700757715795243,0.015806341162279122,0.10215281615885717,0.004223962797034932,0.08537554029666103,0.08115157749962609,9.027927992119728e-06,0.3893716353362617,0.06882336873256452,0.0441509178061851,0.09802913023711357
original,6,1,0,1,4,normalized_prepared_state_energy,50,0.5529276297711349,0.5650848778737719,0.13833569764760778,0.4451648585499618,0.637293981531036,0.1921291229810742,0.26859950487469886,0.8458156383360071,0.5523110622448952,0.5151888716933563,0.5912274876448324
original,6,1,0,1,4,prepared_state_fidelity,50,0.051740880816428636,0.016251913505092506,0.08119965186804459,0.003227153182331635,0.07080820588645276,0.06758105270412113,4.7011512714111294e-05,0.3596022622837799,0.050990287785038294,0.030570559003161663,0.07661174877488817
original,6,1,0,1,6,normalized_prepared_state_energy,50,0.48942835351744135,0.5213470448040072,0.15928924169781972,0.3385337235373876,0.5986774416671662,0.2601437181297786,0.20495205690051013,0.8619474627113055,0.48928642049193505,0.44695319771426545,0.5318406008618124
original,6,1,0,1,6,prepared_state_fidelity,50,0.05242206975540132,0.017633848563235723,0.09089625438068023,0.0019027106310806638,0.058135947599988386,0.056233236968907724,9.596904350162625e-05,0.47373674137256616,0.051112787395333634,0.030202835704895587,0.07942699144771305
original,7,0,1,1,1,normalized_prepared_state_energy,50,0.5196022924551632,0.5291353350908494,0.16071450190516523,0.39474004570371307,0.648606629543194,0.25386658383948096,0.2036740426616104,0.8338299556621247,0.5187699893478812,0.4727541703002375,0.5637945104920105
original,7,0,1,1,1,prepared_state_fidelity,50,0.046720832118519864,0.005312908467696426,0.09715594315238635,0.0005795428953352099,0.04357644822373012,0.04299690532839491,3.086596303538718e-07,0.5719649954071843,0.046258552323451205,0.024112499225954962,0.07508068019516442
original,7,0,1,1,2,normalized_prepared_state_energy,50,0.4801135952760086,0.5146122088616092,0.15905095893308785,0.376628900892914,0.5958168399917936,0.21918793909887957,0.07881051101416202,0.8163421827599905,0.47986500938869986,0.43460505364878194,0.5230184856334178
original,7,0,1,1,2,prepared_state_fidelity,50,0.0817185084866797,0.013239634460216424,0.14115153542785447,0.0009782093189347454,0.10194987439934204,0.1009716650804073,1.634902958604844e-07,0.64314449242066,0.0810256768377593,0.04577162871495538,0.12307079284287173
original,7,0,1,1,3,normalized_prepared_state_energy,50,0.4806488119894113,0.4632623331801189,0.1777025225588421,0.3556042374164079,0.6003509536866412,0.24474671627023326,0.08262440733827776,0.9065346537100785,0.4820749579885121,0.432182600569245,0.5295729499669352
original,7,0,1,1,3,prepared_state_fidelity,50,0.07455673085616524,0.008722153418666664,0.12679630994018848,0.001936666719505608,0.09017851313245522,0.0882418464129496,1.1668676468063759e-05,0.508172484497781,0.07316853659942799,0.04220506619640845,0.10967156649498476
original,7,0,1,1,4,normalized_prepared_state_energy,50,0.4774153602603225,0.5006530343835567,0.15387878736816626,0.36399482889119333,0.5928314186183294,0.2288365897271361,0.08485597539853262,0.7903319536410983,0.47720828435648904,0.43293516133931065,0.5197533535806826
original,7,0,1,1,4,prepared_state_fidelity,50,0.06549039655064354,0.01069933979346694,0.14023384986816448,0.0031781004435576772,0.05230298217703218,0.0491248817334745,2.8608192962205405e-07,0.8042598376766322,0.06397984680545363,0.03307504631796813,0.10863362814384936
original,7,0,1,1,6,normalized_prepared_state_energy,50,0.5439479633780174,0.5534222942946347,0.16504644299625254,0.4235193584673984,0.6633400452802698,0.2398206868128714,0.2196368225109124,0.8866320621166225,0.5452246877435307,0.4986967573109363,0.5900082953966853
original,7,0,1,1,6,prepared_state_fidelity,50,0.04473955631620502,0.010040402461100795,0.08766521495519786,0.0018529508706779088,0.04262334490126875,0.04077039403059084,1.0860410460736941e-07,0.46493046457028614,0.04335992662596595,0.022526797509065107,0.07009251909019608
original,8,1,1,1,1,normalized_prepared_state_energy,50,0.522026690220705,0.5357336171084659,0.17792341996975752,0.3996995284259951,0.6207893455167852,0.22108981709079012,0.10623525233546063,0.9578443622647678,0.5231156112981008,0.47341223927157466,0.5682178531313361
original,8,1,1,1,1,prepared_state_fidelity,50,0.03378536866073165,0.012321696924945912,0.05505629405440904,0.0012273783295292276,0.04191389442947491,0.04068651609994568,1.9532229472438702e-06,0.30963220920087575,0.033329091126673926,0.020866613301861625,0.04885151987333727
original,8,1,1,1,2,normalized_prepared_state_energy,50,0.46635594671810393,0.46941844617761747,0.1555887393703011,0.36284799916185717,0.5772880626891411,0.21444006352728395,0.11273439179584278,0.7967506287600756,0.4659912614748517,0.4218076525733772,0.5069639922808129
original,8,1,1,1,2,prepared_state_fidelity,50,0.07882479709701452,0.036395621856752824,0.11442741391895385,0.004050923499838404,0.0902916253322591,0.08624070183242069,9.464436481877105e-06,0.47793790075391834,0.07858239678394172,0.04974242799099657,0.11111751829160023
original,8,1,1,1,3,normalized_prepared_state_energy,50,0.47504092006915566,0.5064140607448382,0.17761841658501293,0.3527004996054738,0.5960138831529685,0.24331338354749477,0.07351841944593537,0.758589033131523,0.4759154929051468,0.4253820837014509,0.5220374101228312
original,8,1,1,1,3,prepared_state_fidelity,50,0.0700757715795243,0.015806341162279122,0.10215281615885717,0.004223962797034932,0.08537554029666103,0.08115157749962609,9.027927992119728e-06,0.3893716353362617,0.06882336873256452,0.0441509178061851,0.09802913023711357
original,8,1,1,1,4,normalized_prepared_state_energy,50,0.5529276297711349,0.5650848778737719,0.13833569764760778,0.4451648585499618,0.637293981531036,0.1921291229810742,0.26859950487469886,0.8458156383360071,0.5523110622448952,0.5151888716933563,0.5912274876448324
original,8,1,1,1,4,prepared_state_fidelity,50,0.051740880816428636,0.016251913505092506,0.08119965186804459,0.003227153182331635,0.07080820588645276,0.06758105270412113,4.7011512714111294e-05,0.3596022622837799,0.050990287785038294,0.030570559003161663,0.07661174877488817
original,8,1,1,1,6,normalized_prepared_state_energy,50,0.48942835351744135,0.5213470448040072,0.15928924169781972,0.3385337235373876,0.5986774416671662,0.2601437181297786,0.20495205690051013,0.8619474627113055,0.48928642049193505,0.44695319771426545,0.5318406008618124
original,8,1,1,1,6,prepared_state_fidelity,50,0.05242206975540132,0.017633848563235723,0.09089625438068023,0.0019027106310806638,0.058135947599988386,0.056233236968907724,9.596904350162625e-05,0.47373674137256616,0.051112787395333634,0.030202835704895587,0.07942699144771305
