config_id,config_name,config_label,seed,L,mean_snr,median_snr,std_snr,min_snr,max_snr,n_params,n_finite_params,mean_abs_grad
1,baseline,Baseline (HEA),0,3,6.946875183013695,6.834149344794212,3.8673998574748136,0.966367709443014,13.06516809316529,12,12,0.26235726266698384
1,baseline,Baseline (HEA),1,3,9.886473132275361,7.045127286064259,10.23096456848853,2.2343023780757343,39.1983357444595,12,12,0.4033784866254913
1,baseline,Baseline (HEA),2,3,12.874208220563213,15.044970082759622,7.215293633095896,0.9403722363742285,22.411970973314855,12,12,0.5170476266973036
1,baseline,Baseline (HEA),3,3,6.749950244535978,6.945258828134307,3.3643585739941457,0.7719040020327282,12.859950272749442,12,12,0.2805667984297356
1,baseline,Baseline (HEA),4,3,12.74571391310405,14.359762652306655,6.635572082052133,0.3844754980763431,20.55346500104414,12,12,0.5135650974679643
1,baseline,Baseline (HEA),5,3,10.336957607138267,4.452504841980842,10.883502157325825,0.16906241487172655,37.29888680165088,12,12,0.4176409361428118
1,baseline,Baseline (HEA),6,3,15.778903841182272,4.145613678511857,22.613053409791874,0.17450482982411053,77.956772471689,12,12,0.580601876236465
1,baseline,Baseline (HEA),7,3,12.34517105530005,9.312041580796597,7.74148817867353,5.156914761816693,29.729504157838445,12,12,0.35602801104040593
1,baseline,Baseline (HEA),8,3,11.026922182957042,8.302408351203589,10.627546993840571,0.9434856777752766,42.74358103730994,12,12,0.43778567370403976
1,baseline,Baseline (HEA),9,3,13.632057243162018,14.082038795601232,7.994840233960033,0.27594960584427675,25.411457149695202,12,12,0.6135449770621056
1,baseline,Baseline (HEA),10,3,11.590737614560355,9.626636925787754,9.872993144686223,0.9873274552839993,33.91306807658877,12,12,0.39573091988021303
1,baseline,Baseline (HEA),11,3,11.925195646250542,11.258345710924328,9.414143540790485,0.5760924010648876,36.07872285493388,12,12,0.5457284781681365
1,baseline,Baseline (HEA),12,3,14.261427921821214,11.278456855636994,10.737068126669481,1.727725367330755,34.80665212519095,12,12,0.6253611558241396
1,baseline,Baseline (HEA),13,3,9.940110872154895,5.941391409018827,8.985683592344822,0.6260981884556999,29.824350244158488,12,12,0.2964272201518346
1,baseline,Baseline (HEA),14,3,16.13398267439975,7.006915175923526,27.58750986793903,0.2349026860972774,103.57918923637592,12,12,0.517764598910462
1,baseline,Baseline (HEA),15,3,11.501371578720795,12.636438002563214,7.0040028336704765,0.005507552755996131,20.77079509973198,12,12,0.42499899938710656
1,baseline,Baseline (HEA),16,3,15.61387955412644,15.006248905867256,6.552689669609347,6.934539835670658,26.51272500106946,12,12,0.6020476744957931
1,baseline,Baseline (HEA),17,3,12.248047204078373,13.331103622927166,9.880064292160382,0.47408397328277546,36.71207591229707,12,12,0.5424223303418741
1,baseline,Baseline (HEA),18,3,5.431657637627402,4.056765271644066,4.019146802262634,0.5726958879597143,11.829424048591838,12,12,0.18405572294919292
1,baseline,Baseline (HEA),19,3,9.067448943724921,6.565559528944977,6.991414300139106,0.11721692891843287,20.8843409436281,12,12,0.3615816718296671
1,baseline,Baseline (HEA),20,3,8.572906309654181,7.009792262784735,7.633132954793253,0.3035507581819748,28.369375199985452,12,12,0.32028950168938836
1,baseline,Baseline (HEA),21,3,8.927465494029677,7.1820016208395385,6.275512962057438,0.19247614121432682,21.024266323087748,12,12,0.31683077786317704
1,baseline,Baseline (HEA),22,3,8.05018031443363,6.813120383755635,6.407294421132762,0.12035169221543884,20.07561947305367,12,12,0.3218367068308676
1,baseline,Baseline (HEA),23,3,13.173060465857125,12.123684134535107,7.626823797789337,2.2955870514153136,24.57230185647083,12,12,0.5123217573223973
1,baseline,Baseline (HEA),24,3,9.757268806232377,5.87079933953302,8.915248031194945,0.8843594938814114,24.97294964046966,12,12,0.4138999027983939
1,baseline,Baseline (HEA),25,3,11.060974723206364,10.391371160571786,9.160360492167632,2.4828985501285645,36.6663049717372,12,12,0.45224113593771603
1,baseline,Baseline (HEA),26,3,10.985020173478233,7.538811865918895,9.683414547499165,1.3013351931377273,32.25242483672454,12,12,0.466005576343638
1,baseline,Baseline (HEA),27,3,10.086121367627285,10.032196974422035,7.0584541227923205,0.7475337599249595,22.461588540398264,12,12,0.41881265058408096
1,baseline,Baseline (HEA),28,3,11.554325995791139,7.440090622558634,10.435672196206248,0.24241465882105784,33.4525458773925,12,12,0.48252670495154554
1,baseline,Baseline (HEA),29,3,16.96355135604854,16.382369265837614,8.140274818866574,1.281452949232367,29.43826916666061,12,12,0.6414481588923646
1,baseline,Baseline (HEA),30,3,12.054699182290813,10.486450309470651,9.376909140077759,0.016035419862646078,27.305639387119033,12,12,0.4757606256731091
1,baseline,Baseline (HEA),31,3,6.6825211461047,4.335003395336033,5.072116098890872,0.7983465216118859,14.690145685361413,12,12,0.2719264870506993
1,baseline,Baseline (HEA),32,3,13.42164027055363,11.093008886901943,10.30121564762813,1.4212630335106715,38.97515598814989,12,12,0.6008109258878457
1,baseline,Baseline (HEA),33,3,13.778613089007166,9.702748877323572,11.265225928072027,2.6444513752258683,46.62446086633724,12,12,0.49146752645876396
1,baseline,Baseline (HEA),34,3,11.197842760108571,7.212398896934191,9.769037882149833,1.2986012689225968,32.67213636367313,12,12,0.43402671428353595
1,baseline,Baseline (HEA),35,3,11.386410298672148,9.799238038307461,8.178710131798995,1.0784496956646152,30.01172311666299,12,12,0.4042356677539976
1,baseline,Baseline (HEA),36,3,9.492514762808293,6.565141335035439,8.656020677194709,0.2663257780105039,22.42778163826183,12,12,0.45530462629777246
1,baseline,Baseline (HEA),37,3,11.47556231249181,12.217648691250336,5.714265591562083,1.7907118206478574,20.874335943911678,12,12,0.44985448711573817
1,baseline,Baseline (HEA),38,3,11.177770927039193,10.21866053176368,6.36014817727514,5.292751007749888,28.8871406616903,12,12,0.39631420715083343
1,baseline,Baseline (HEA),39,3,12.015204090591704,7.557655228485463,14.356371998945892,1.9383341095423667,55.7522954140806,12,12,0.4399739295238679
1,baseline,Baseline (HEA),40,3,10.52905695236833,2.74498140692251,13.667004682412664,0.5007770962611805,46.14245759244641,12,12,0.4517181892465128
1,baseline,Baseline (HEA),41,3,7.645719587522238,4.430050571124754,8.885511140083217,1.1646748399065703,34.04735763527127,12,12,0.30824662583149076
1,baseline,Baseline (HEA),42,3,10.800234572518184,9.596569467425509,5.558562147221497,4.146986071354607,20.529080890536104,12,12,0.44603349393386543
1,baseline,Baseline (HEA),43,3,13.147870363332261,13.940951826420795,11.947292328466526,0.06050521454965078,34.354431142766295,12,12,0.5579852679431835
1,baseline,Baseline (HEA),44,3,8.939161981740284,7.398192718732343,5.41859494099645,1.1969695702218148,21.652673794595444,12,12,0.39119446730938573
1,baseline,Baseline (HEA),45,3,12.55610231887191,10.19136038653395,11.321208028090396,0.4184850567301698,37.727700211426246,12,12,0.466200048139227
1,baseline,Baseline (HEA),46,3,14.740394170834188,14.933640524875237,9.775580524192508,0.7242902966222226,28.821923912463106,12,12,0.6132045516494138
1,baseline,Baseline (HEA),47,3,9.506915275342658,5.194249971188503,11.570518154678563,0.8433496798125188,42.60810777579768,12,12,0.34457784169423533
1,baseline,Baseline (HEA),48,3,9.20259342350398,4.058321195030739,13.07340993927741,0.35348954548566547,49.894097400757,12,12,0.27872905837659095
1,baseline,Baseline (HEA),49,3,13.16305189570725,15.018799917303175,8.644551721438162,0.7301122632960453,27.61865661243613,12,12,0.5409464745545848
2,entanglement_only,Constrained entanglement only,0,3,12.478730775784356,9.934221272995647,10.144771469511328,1.105344227246083,29.37657305537462,12,12,0.41482525679354293
2,entanglement_only,Constrained entanglement only,1,3,11.98360932599005,10.744497185701444,8.991052010492371,2.089665244573648,38.41291321587102,12,12,0.4370037968635851
2,entanglement_only,Constrained entanglement only,2,3,11.287577400363524,11.701614550018704,7.010707910293038,0.3012854530626221,23.12353740307824,12,12,0.3710784193104036
2,entanglement_only,Constrained entanglement only,3,3,15.215360995779577,11.558874002826927,13.30349189438342,1.9690840634454783,43.45736854644106,12,12,0.5585472661118881
2,entanglement_only,Constrained entanglement only,4,3,20.88765011523652,24.705865797658507,9.140573372872726,0.6550749165491657,30.400180326443017,12,12,0.7489997009742707
2,entanglement_only,Constrained entanglement only,5,3,16.504676743950444,14.002008402314498,8.861602391774538,2.2484349545791944,35.182878336496955,12,12,0.6001572476869069
2,entanglement_only,Constrained entanglement only,6,3,15.969589001622692,9.848646574414307,12.722660846141915,1.971715032455822,39.722100166427545,12,12,0.6369544698846233
2,entanglement_only,Constrained entanglement only,7,3,14.608304968799496,7.036975839868231,15.492935160432028,0.6949366662409004,46.864715817658485,12,12,0.4761403235135761
2,entanglement_only,Constrained entanglement only,8,3,16.456541349216554,15.330259186901664,9.881035938722311,4.6490573731526075,34.52923600881848,12,12,0.5986968367219908
2,entanglement_only,Constrained entanglement only,9,3,17.802184367586822,16.541322275430858,8.267453839946642,6.857916501650099,32.77980031548603,12,12,0.5970732903784679
2,entanglement_only,Constrained entanglement only,10,3,14.171721294602056,20.09290044922364,10.055106683368207,0.3766825940896225,25.200322924774827,12,12,0.5110729136118656
2,entanglement_only,Constrained entanglement only,11,3,15.163462030710194,14.901681039954305,7.3663964210483535,3.9999536511999243,28.476881760953958,12,12,0.615303039609648
2,entanglement_only,Constrained entanglement only,12,3,11.324854336863842,10.22941600336914,6.010464601994746,2.1166082616298487,23.33352115448083,12,12,0.47029918332617554
2,entanglement_only,Constrained entanglement only,13,3,14.117310476626484,12.370548298870702,12.063270219068281,0.5242532236533028,37.22310306072207,12,12,0.4717221268911223
2,entanglement_only,Constrained entanglement only,14,3,11.16153948943478,8.64992535010972,6.24296114769887,4.728674268371895,20.857345656298072,12,12,0.4261581251577086
2,entanglement_only,Constrained entanglement only,15,3,11.734220400479765,12.53635058692663,7.400145461594086,0.022131298684922036,31.176877376212996,12,12,0.46206754997691585
2,entanglement_only,Constrained entanglement only,16,3,12.744335408941126,6.8676067830613095,10.180928027222551,2.302511945369761,27.56755357797609,12,12,0.5251311233866142
2,entanglement_only,Constrained entanglement only,17,3,11.573763607903976,9.611546166396085,7.9968875994003215,0.8520556561407838,24.052652579008832,12,12,0.4319954683187137
2,entanglement_only,Constrained entanglement only,18,3,13.196268561258305,10.182406682017104,11.926504694512348,0.0017640128426971342,37.8411668974155,12,12,0.502349363500395
2,entanglement_only,Constrained entanglement only,19,3,12.139355965573316,9.453011606585438,6.850079416059772,3.0252911298890943,29.197773210401337,12,12,0.5282432019326831
2,entanglement_only,Constrained entanglement only,20,3,12.010864432643304,5.892839421445571,10.55624259924111,1.5717364332834227,30.59555615906202,12,12,0.4339141435427399
2,entanglement_only,Constrained entanglement only,21,3,8.55321038927814,8.308210458509722,7.002320422346921,0.37186764667823263,24.978743429757603,12,12,0.26977943032882684
2,entanglement_only,Constrained entanglement only,22,3,13.361257921758037,13.155188244206078,5.6882861304852375,1.9111458633032434,23.96025177871524,12,12,0.4883075105628296
2,entanglement_only,Constrained entanglement only,23,3,14.563573714688458,10.777817508111202,8.97377804262788,2.3999366494654053,29.171520956212245,12,12,0.49002834525970274
2,entanglement_only,Constrained entanglement only,24,3,12.50270984420488,13.197123625827071,3.1183921314878713,6.3570176066263056,16.025377828921528,12,12,0.40252587072715573
2,entanglement_only,Constrained entanglement only,25,3,20.007995021146858,12.323021731095743,15.87489110365447,1.4937286532163256,48.35400119927694,12,12,0.7386853159007202
2,entanglement_only,Constrained entanglement only,26,3,16.563841323967207,16.4705933309114,5.268297541852913,7.685126671841925,29.389235020204396,12,12,0.6232091483468818
2,entanglement_only,Constrained entanglement only,27,3,18.033442997510022,16.80476908855313,9.71528319084017,2.8473984595197415,36.047309759553144,12,12,0.5185281556673543
2,entanglement_only,Constrained entanglement only,28,3,11.34837186452713,9.807354149975108,6.365802455953693,1.1793020656767204,19.285551383972436,12,12,0.4592812908806619
2,entanglement_only,Constrained entanglement only,29,3,13.985563445332131,10.891939468495043,8.815743663538392,1.6884114448519332,27.05760221211264,12,12,0.4955180841566113
2,entanglement_only,Constrained entanglement only,30,3,19.554066636248397,22.624245628779377,10.929159243402609,0.7303359404551686,36.118171063746104,12,12,0.8434844666342047
2,entanglement_only,Constrained entanglement only,31,3,10.981748112346269,10.545910320431041,6.53534369791261,0.4353036442204207,27.47796193960141,12,12,0.42642995514064297
2,entanglement_only,Constrained entanglement only,32,3,11.888576329700816,7.801283504036311,7.985580614528389,2.930328350699198,25.031801102504527,12,12,0.46184273482716337
2,entanglement_only,Constrained entanglement only,33,3,15.675084942600279,10.44138317638274,12.826655956140787,3.578820693102477,39.63125644000989,12,12,0.5415133431790474
2,entanglement_only,Constrained entanglement only,34,3,17.55296460080555,14.990726204785002,14.323849749649973,1.3787876455667225,57.87426333422309,12,12,0.6341853988747282
2,entanglement_only,Constrained entanglement only,35,3,8.739107238588206,8.507517293982533,4.430086868387466,2.351031095365504,14.925578822260915,12,12,0.3496472224153507
2,entanglement_only,Constrained entanglement only,36,3,14.947120012709206,14.91480191932582,10.564065254652103,2.682352907078604,43.662794688577314,12,12,0.6449028294357146
2,entanglement_only,Constrained entanglement only,37,3,11.763763452844474,12.447096442642323,4.560525061041427,4.122594193768172,21.132075876493655,12,12,0.41554298321669636
2,entanglement_only,Constrained entanglement only,38,3,12.819353215631986,10.790710192572197,10.997183192703526,0.47751251265638617,35.37625899279766,12,12,0.4523935758987774
2,entanglement_only,Constrained entanglement only,39,3,17.808232389498848,14.868731485605263,10.957574009554437,4.497517942361783,36.27050307180609,12,12,0.6872678523677322
2,entanglement_only,Constrained entanglement only,40,3,11.597326026120257,12.239562450596418,8.262582664314507,0.09871812483534703,25.519020742614547,12,12,0.41044573452690153
2,entanglement_only,Constrained entanglement only,41,3,14.343480288274264,12.06800122478459,11.086566862651566,0.1239079328461396,31.26476315391174,12,12,0.542965497864705
2,entanglement_only,Constrained entanglement only,42,3,13.755747406807211,9.744725125643363,9.518424515440731,3.5760667233103725,27.187166201610818,12,12,0.5229652983411922
2,entanglement_only,Constrained entanglement only,43,3,11.572361466426798,10.448919528374871,10.797655898488646,0.07274975411777528,40.90858202463466,12,12,0.3743594887985184
2,entanglement_only,Constrained entanglement only,44,3,15.890722571072649,12.324187641268633,15.195323574630429,0.40987991718232536,52.706833289060235,12,12,0.5074677411589773
2,entanglement_only,Constrained entanglement only,45,3,17.390469477429512,14.739279964468095,12.648814772970992,2.9789664912498526,42.77784722594565,12,12,0.6717586730906238
2,entanglement_only,Constrained entanglement only,46,3,13.799964911724208,14.819207176664111,7.153702905514612,2.132338979903104,23.356758026625183,12,12,0.5461269876384172
2,entanglement_only,Constrained entanglement only,47,3,15.791003975088358,15.104262511365294,9.054598628202124,0.8737344327092287,29.27807289587789,12,12,0.49494174234492244
2,entanglement_only,Constrained entanglement only,48,3,18.277450957421774,20.176216469617657,9.402414606024609,2.787679553739568,29.879328054604557,12,12,0.6967912772369029
2,entanglement_only,Constrained entanglement only,49,3,11.170589124217882,8.793883969229178,9.250041855785105,0.14503616038370007,28.04133402202489,12,12,0.40735707491832013
3,local_cost_only,Local cost function only,0,3,6.764786120138105,4.076951095219552,7.335791457316315,1.2432220538980504e-15,23.919487465455987,12,12,0.1423496575419592
3,local_cost_only,Local cost function only,1,3,9.846255666402788,1.7967960144415864,22.705592320202108,0.0,83.45941407294114,12,12,0.13316780468058473
3,local_cost_only,Local cost function only,2,3,13.95097140533757,2.27002861868949,21.737049514597327,0.0,70.1423859560843,12,12,0.21329743882465446
3,local_cost_only,Local cost function only,3,3,8.954200599331235,6.502880123369417,9.408027843825316,0.0,27.989314738761344,12,12,0.18073997217037274
3,local_cost_only,Local cost function only,4,3,11.29432006621868,3.264298526211933,17.329440362867295,1.3413580751171663e-15,53.19155968099896,12,12,0.1871631741564003
3,local_cost_only,Local cost function only,5,3,13.795030061066432,0.2538534206669463,29.96132186703485,0.0,107.02909212549758,12,12,0.1682876842251367
3,local_cost_only,Local cost function only,6,3,11.876402351361326,6.018711894218259,14.738487346096985,0.0,44.194666181982555,12,12,0.21370720541130614
3,local_cost_only,Local cost function only,7,3,7.974267053748221,2.2736345515745713,12.426455261010826,0.0,42.07171951269049,12,12,0.14564832465736624
3,local_cost_only,Local cost function only,8,3,3.484531989618868,2.257682379958207,3.6016333596980625,0.0,10.5377863187892,12,12,0.06934910130145766
3,local_cost_only,Local cost function only,9,3,12.88452062120046,6.24789790550081,20.426581244902717,1.2418718396996452e-15,76.43322850017184,12,12,0.20666336435972266
3,local_cost_only,Local cost function only,10,3,5.8625729046598565,4.596101880342715,6.180751574581502,0.0,18.71353528884335,12,12,0.11957952579656476
3,local_cost_only,Local cost function only,11,3,7.851335834156135,6.649192126789139,9.05200075434723,0.0,33.83266522061688,12,12,0.15561461006375935
3,local_cost_only,Local cost function only,12,3,14.500511536172304,5.408114394499782,19.841890771396553,0.0,63.60189074831352,12,12,0.23560925802749177
3,local_cost_only,Local cost function only,13,3,8.41100610574576,1.041755232821354,11.242010075633459,0.0,29.17426332102996,12,12,0.1602010611545219
3,local_cost_only,Local cost function only,14,3,23.336179316287442,1.707424079134551,57.08405618072846,0.0,210.35923312072552,12,12,0.19778050153809237
3,local_cost_only,Local cost function only,15,3,13.23780959596734,5.336744362388768,14.904081228732325,0.0,41.01430634289036,12,12,0.2410384957473983
3,local_cost_only,Local cost function only,16,3,8.597371959367303,6.79979004977602,9.277831849150278,0.0,29.518449262243756,12,12,0.1741222147222913
3,local_cost_only,Local cost function only,17,3,7.328012906936148,3.916084799467736,8.732542719008299,3.1205030058824703e-16,28.716900329844254,12,12,0.14996951466470862
3,local_cost_only,Local cost function only,18,3,8.385032440537644,5.641240491780239,8.984664125588504,0.0,26.06946459142549,12,12,0.1666075078063319
3,local_cost_only,Local cost function only,19,3,9.366734849696499,6.153822332828382,10.942277254858785,0.0,36.35661550223282,12,12,0.18048393918530145
3,local_cost_only,Local cost function only,20,3,4.756312188449276,5.841433138337052,3.8803435859163606,0.0,11.770994704192848,12,12,0.08386368454124545
3,local_cost_only,Local cost function only,21,3,9.713857207703835,4.022435755311914,12.831930066987933,3.103219029168533e-16,41.616347311410266,12,12,0.1821123910863627
3,local_cost_only,Local cost function only,22,3,12.443449019158399,1.6730267202465843,28.125157789031746,6.256630226141769e-16,102.83645204611872,12,12,0.1552907613627982
3,local_cost_only,Local cost function only,23,3,12.620965238155582,2.8623695901041755,15.38206226892094,0.0,48.22194302687412,12,12,0.22394902676201514
3,local_cost_only,Local cost function only,24,3,8.631587950843915,2.2389427576217447,11.132500064020483,0.0,34.98840294860835,12,12,0.16201959847480693
3,local_cost_only,Local cost function only,25,3,9.606402804512008,7.754123327342098,9.274579022550002,0.0,30.76905298537226,12,12,0.19603167425915935
3,local_cost_only,Local cost function only,26,3,13.313509648391323,3.437733177259805,21.54678526853509,0.0,66.19388352961059,12,12,0.20287478498646005
3,local_cost_only,Local cost function only,27,3,9.045854957169645,6.691964659744772,9.271861562752596,1.4066501725131665e-15,25.028493005989567,12,12,0.18167591926477136
3,local_cost_only,Local cost function only,28,3,6.76754356333529,2.2686131630313913,9.833429091030268,6.296504447323989e-16,32.81012354788855,12,12,0.1348344757480927
3,local_cost_only,Local cost function only,29,3,12.765076269398035,1.2906537371325242,20.115663283469342,3.1033141145213703e-16,54.72508482514332,12,12,0.2019523813469728
3,local_cost_only,Local cost function only,30,3,10.314768916702944,2.9298213276569607,14.37858526490382,0.0,47.79611150097117,12,12,0.18509302291827665
3,local_cost_only,Local cost function only,31,3,6.9602991693159595,3.2571617367191337,8.298474954415083,0.0,26.20044668154464,12,12,0.1437952150482266
3,local_cost_only,Local cost function only,32,3,11.286113524077257,1.4787276976923822,16.772244465277254,0.0,55.70903619294517,12,12,0.19528884342936956
3,local_cost_only,Local cost function only,33,3,10.7717798498352,2.094020129472219,14.880718536346976,0.0,44.35267858426304,12,12,0.19197736192210688
3,local_cost_only,Local cost function only,34,3,12.024099756416,4.667677918996754,18.07603529097565,0.0,50.91799099897531,12,12,0.19861311279215854
3,local_cost_only,Local cost function only,35,3,6.541417306672351,0.41985751604936095,9.49490545052073,0.0,26.99317739292345,12,12,0.12831667729451043
3,local_cost_only,Local cost function only,36,3,6.630701911727692,1.0623101195707068,9.257275732399735,0.0,24.037980540279474,12,12,0.13227619836514146
3,local_cost_only,Local cost function only,37,3,12.36206061594084,6.157591102144897,18.45851277282465,0.0,67.14939340454677,12,12,0.20264703284550958
3,local_cost_only,Local cost function only,38,3,14.298667945696076,2.7693062702157856,25.39754133248368,6.39315502233247e-16,79.32370353411315,12,12,0.1976397328376844
3,local_cost_only,Local cost function only,39,3,7.831822107115893,7.717398581607103,7.265638532557708,0.0,20.7226937328522,12,12,0.15648831058456972
3,local_cost_only,Local cost function only,40,3,9.616913851835813,1.4512243577695203,14.63418795620336,0.0,51.198195297033344,12,12,0.17358136013848355
3,local_cost_only,Local cost function only,41,3,16.044234702503406,11.757318836796887,16.519267676874875,9.330727887289286e-16,52.31630310165468,12,12,0.2801180855181561
3,local_cost_only,Local cost function only,42,3,5.672042857874021,3.6756359972094974,6.477206461143966,0.0,19.38047639398423,12,12,0.11116159590365426
3,local_cost_only,Local cost function only,43,3,14.18034075730115,0.7176619844402068,27.725697586345163,0.0,95.06050527988927,12,12,0.18376236634410045
3,local_cost_only,Local cost function only,44,3,8.989455052086823,12.119395071471173,6.919608944343967,0.0,18.83368887131252,12,12,0.1816994938830946
3,local_cost_only,Local cost function only,45,3,14.757981606356816,6.9537268969364865,20.987052933318537,1.2991700987800112e-15,73.25031983906965,12,12,0.2376347137174404
3,local_cost_only,Local cost function only,46,3,9.95557092203092,9.26827240618006,10.83733017017894,0.0,36.86128442009952,12,12,0.19779413805835966
3,local_cost_only,Local cost function only,47,3,8.402572708331496,5.13227585124258,9.065679814394969,0.0,27.765572825283975,12,12,0.15423701571982296
3,local_cost_only,Local cost function only,48,3,7.6430532293813584,4.861430246784252,9.148376380912394,0.0,24.706237835005215,12,12,0.14627604757563226
3,local_cost_only,Local cost function only,49,3,10.070440354172241,1.7205084967224988,13.706025450875044,1.283734321624862e-15,43.856360770819386,12,12,0.18637100478059695
4,residual_only,Residual connections only,0,3,9.042809133791906,5.409978119444167,9.17988948530122,0.7538521177068654,29.148604071168702,15,14,1.567733625482216
4,residual_only,Residual connections only,1,3,12.553665103950554,2.050061763171559,23.553856313740855,0.6129319542030363,81.02493242728647,15,14,1.4916667615058044
4,residual_only,Residual connections only,2,3,4.758816614221135,3.9427163499989395,4.29927754804237,0.471434347689024,17.507496062645618,15,14,1.1399779899790956
4,residual_only,Residual connections only,3,3,10.033967941081638,6.246075516369471,12.257577208967376,0.13861141616281147,41.795495348163094,15,14,2.1870210688451124
4,residual_only,Residual connections only,4,3,12.340397764572781,6.96714057929011,16.130735507020646,0.06739774460978336,63.36459535514793,15,14,2.097317627818355
4,residual_only,Residual connections only,5,3,4.237725320822662,1.8634908474105476,6.35975038047734,0.01820797964996321,25.723034296565935,15,14,1.377461008971267
4,residual_only,Residual connections only,6,3,5.7929642635727365,2.713461136648398,6.25231443791294,0.031907867470083714,20.44707896697513,15,14,1.3515231647949257
4,residual_only,Residual connections only,7,3,8.105608962725512,3.8951608173462082,7.842776713987291,0.19509134380633852,24.421546695870546,15,14,1.2884802294981605
4,residual_only,Residual connections only,8,3,11.951181849510984,8.579267286951907,11.8364985794446,0.1685529267357724,40.12684293803922,15,14,2.0785398271677002
4,residual_only,Residual connections only,9,3,5.584368200731562,3.629401363597589,4.220230003144939,0.8935551562303189,14.435772234512847,15,14,1.7107387244230228
4,residual_only,Residual connections only,10,3,8.550282051686539,4.203657198773914,9.959264535658114,0.4955692054366676,35.73726325090672,15,14,1.8417806675326256
4,residual_only,Residual connections only,11,3,11.425174048677567,9.58492788541361,7.722139638626312,1.6606651195040703,29.545725342386305,15,14,1.1056227350361683
4,residual_only,Residual connections only,12,3,7.311737946800621,5.036682678962249,6.128825397275041,0.20043180388381357,18.701874097033993,15,14,1.060922117086253
4,residual_only,Residual connections only,13,3,9.102196256590043,7.530307765500691,9.738384614939156,0.3723244314138743,35.12957741074219,15,14,1.8800987147673924
4,residual_only,Residual connections only,14,3,6.013881960813117,4.465083763025881,6.189294599152507,0.054149574959913405,19.458376252259324,15,14,1.2512431130374915
4,residual_only,Residual connections only,15,3,4.725945885510859,2.294738736444386,6.688386950611019,0.0008422705176186249,25.653832712930296,15,14,1.1054111399340976
4,residual_only,Residual connections only,16,3,14.26735917131822,5.283590366931719,15.161778626606276,0.22453014309243507,50.588948260644216,15,14,3.313646114481747
4,residual_only,Residual connections only,17,3,6.6414823911179335,3.518621715418943,7.040469895735709,0.00861383773769455,19.246092541353068,15,14,1.935597869160655
4,residual_only,Residual connections only,18,3,9.369465018426835,5.3287574477855095,13.1217889517017,0.13597892517399238,47.91228122497923,15,14,2.58449887068886
4,residual_only,Residual connections only,19,3,9.463093373179635,7.59366772866119,9.289895224251794,0.022164712161254797,28.754201556239266,15,14,1.9229187799853418
4,residual_only,Residual connections only,20,3,8.079294527029191,8.306026451118742,6.080926556035786,0.06799928838421321,18.07691351338253,15,14,0.6043344167802487
4,residual_only,Residual connections only,21,3,5.398706265168742,3.3776490647065405,5.286626024161481,0.01793446324097425,18.49037878257585,15,14,1.2625629689862659
4,residual_only,Residual connections only,22,3,6.419729824902973,2.895045984435804,8.719625205071232,0.043919327626192245,30.967866649602005,15,14,0.8315644505204547
4,residual_only,Residual connections only,23,3,7.740623115248666,5.852545508087544,5.445246843543703,1.1386600339528774,18.285656990258765,15,14,1.2707754888044744
4,residual_only,Residual connections only,24,3,11.005351699753797,8.647200059374407,11.222541086227329,0.25588218133205204,36.61364364061494,15,14,2.1448689470605946
4,residual_only,Residual connections only,25,3,8.933208063318428,3.7004854410781745,13.807385134050772,0.048388860606697996,54.97166691569525,15,14,1.5761304837291668
4,residual_only,Residual connections only,26,3,11.14782873921,7.467598213648905,12.189388254520987,0.6575343761493186,48.93031576282381,15,14,1.4672826086973072
4,residual_only,Residual connections only,27,3,5.089667105463649,2.613602837616871,5.939719855015884,0.14479698891717982,19.896903727741773,15,14,1.1814953078790638
4,residual_only,Residual connections only,28,3,7.557819226232891,4.922096089208614,6.7816239767954025,0.042499371200134986,19.30198202239523,15,14,1.7368507221426783
4,residual_only,Residual connections only,29,3,6.247308375144788,2.910219996092542,6.224166191930548,1.40591535066562,23.734318663106265,15,14,1.2109906751805677
4,residual_only,Residual connections only,30,3,11.352258564147595,7.706703348802238,10.85991051532714,0.037653102859928546,36.01353857476992,15,14,1.872908451845261
4,residual_only,Residual connections only,31,3,9.005965745765218,8.317478407366684,7.642699537215048,0.34916556331237675,31.08307565755861,15,14,1.1098110913406203
4,residual_only,Residual connections only,32,3,6.777809612488383,4.501469540187031,5.255192360776028,0.850052614723743,18.879485996442398,15,14,1.6369452824527246
4,residual_only,Residual connections only,33,3,10.602734230461289,9.656413677624297,7.982541821605349,1.3943869179907928,27.746178611091814,15,14,0.9864046493777191
4,residual_only,Residual connections only,34,3,7.3252978095589,4.009659415331566,8.930296052465971,0.07852517385660389,34.02473357739068,15,14,1.144937972016062
4,residual_only,Residual connections only,35,3,9.656194309115353,6.954550392885463,10.347783631616613,0.4416566671768004,42.46361287259491,15,14,1.0048516401919982
4,residual_only,Residual connections only,36,3,3.744966719654285,1.297168647270878,5.624765919801118,0.05207076370005521,19.255915820448788,15,14,1.0907514828783598
4,residual_only,Residual connections only,37,3,3.781764964454431,2.186362884557217,3.8185152595058907,0.33330340926701385,13.308644013108564,15,14,0.9136906336351857
4,residual_only,Residual connections only,38,3,7.1463459375991265,3.214776700850129,7.324053642359415,0.6110777123121195,21.586379272717174,15,14,1.197274560128456
4,residual_only,Residual connections only,39,3,9.498297965229074,6.28692915712592,8.399816045102806,0.5049597509976372,27.9125308326619,15,14,0.9294936692327077
4,residual_only,Residual connections only,40,3,9.039323326072623,5.196876800577262,10.98416517427398,0.04820968793005769,38.087766662308404,15,14,0.6627744415601491
4,residual_only,Residual connections only,41,3,10.37704200634367,8.220515479617621,9.005175213963147,0.2591281064289936,26.764203980594356,15,14,1.659599847880629
4,residual_only,Residual connections only,42,3,4.005306214206405,2.142957029901675,3.597166933632194,0.6659968774865536,11.60685281547882,15,14,1.0693903439856205
4,residual_only,Residual connections only,43,3,10.18952287877355,7.760901544480031,10.510960296267324,0.05602874074725718,36.182863375834735,15,14,1.3229058987703666
4,residual_only,Residual connections only,44,3,7.929621648166919,3.806628086712119,10.937905541117093,0.1787207997165853,40.14586345963616,15,14,2.193778237574057
4,residual_only,Residual connections only,45,3,11.21551908500641,4.148720865357626,12.916346987659399,0.05992462064979932,43.75679839733122,15,14,2.3953268097974387
4,residual_only,Residual connections only,46,3,12.448290372980116,6.802476411206905,11.391041753852557,1.1973792533538394,38.261570434724355,15,14,1.860280520587375
4,residual_only,Residual connections only,47,3,3.4142184743076904,1.6251728970853618,5.768761982617701,0.12149538759303187,23.44809509498293,15,14,1.09814833064577
4,residual_only,Residual connections only,48,3,5.827104694658692,4.120528200774357,5.509991416773169,0.04455701440230205,14.542339786342053,15,14,0.7782060020718807
4,residual_only,Residual connections only,49,3,6.163684253523322,4.405929813313838,5.44054633435131,0.10543366459758484,18.468981497737275,15,14,1.867767215669531
5,entanglement_local,Entanglement + local cost,0,3,14.869513597299283,2.1879207929834044,24.774673010540397,0.0,84.2026451337647,12,12,0.21188313906570863
5,entanglement_local,Entanglement + local cost,1,3,3.8874533663932653,0.9276052463549879,5.362955592323548,0.0,13.056141420698488,12,12,0.07709985715305417
5,entanglement_local,Entanglement + local cost,2,3,6.4698058886014875,1.5395644361696066,14.697570615159837,0.0,54.53476126388359,12,12,0.10346678537276773
5,entanglement_local,Entanglement + local cost,3,3,8.13107188879725,1.2755883492851876,10.626715734466854,0.0,28.32736512523722,12,12,0.15700330302327345
5,entanglement_local,Entanglement + local cost,4,3,15.096717113339379,0.24841055694936184,24.320004241141785,0.0,65.28294981645267,12,12,0.2143304463883334
5,entanglement_local,Entanglement + local cost,5,3,9.327302747538843,0.09398134904794743,16.070518735659952,0.0,55.11804856600653,12,12,0.15567161030882423
5,entanglement_local,Entanglement + local cost,6,3,12.167590290908016,2.686573307830473,14.99268498772892,0.0,35.74138306146072,12,12,0.2178334337018439
5,entanglement_local,Entanglement + local cost,7,3,3.879558693911744,0.04975860956629575,7.21666096908805,0.0,25.504875701949505,12,12,0.077398513677381
5,entanglement_local,Entanglement + local cost,8,3,8.350219894005631,0.6881888571245729,13.869996037965688,0.0,39.81445892190044,12,12,0.15112581180764842
5,entanglement_local,Entanglement + local cost,9,3,10.997006572403512,0.7554628065471194,17.48912001115511,3.3902178540943562e-15,45.29894480371071,12,12,0.1797651081053273
5,entanglement_local,Entanglement + local cost,10,3,11.04749120435379,1.5237795673377938,18.942970805265052,0.0,53.70210226685602,12,12,0.1680356005831601
5,entanglement_local,Entanglement + local cost,11,3,9.376657803265788,3.3811156153652586,11.524197130714716,0.0,32.730540907916534,12,12,0.181810716662675
5,entanglement_local,Entanglement + local cost,12,3,6.874433323915105,0.5976678398899805,11.762955467925712,0.0,38.610565259135655,12,12,0.12915349589512382
5,entanglement_local,Entanglement + local cost,13,3,14.753472566166119,1.7776109387591263,24.48534449210998,0.0,82.84940759341292,12,12,0.21477917575871885
5,entanglement_local,Entanglement + local cost,14,3,6.491904334576199,1.078957706179314,9.30926419435246,0.0,25.27987915627916,12,12,0.12425854536477528
5,entanglement_local,Entanglement + local cost,15,3,9.710629715532619,1.4052863201206887,13.939731462191537,0.0,44.971408187504906,12,12,0.16922877431075467
5,entanglement_local,Entanglement + local cost,16,3,12.144426081474087,4.9676470216028195,15.469279806521438,0.0,53.605213831331234,12,12,0.21857732204357064
5,entanglement_local,Entanglement + local cost,17,3,3.8576994609962374,0.05256991335767246,7.35189874819008,0.0,21.147242932958704,12,12,0.0697290102184787
5,entanglement_local,Entanglement + local cost,18,3,12.66393415584929,9.39237189688529,13.314446318482627,0.0,38.944986823560136,12,12,0.23337253365048324
5,entanglement_local,Entanglement + local cost,19,3,14.764058573937499,4.642434760439264,22.73314010238087,0.0,71.52943419034038,12,12,0.2228669177900778
5,entanglement_local,Entanglement + local cost,20,3,9.643121948805595,2.2048836414924295,20.600277511872147,6.230491756219954e-16,75.77167221755775,12,12,0.1430804495779174
5,entanglement_local,Entanglement + local cost,21,3,8.663411898698753,11.500556801261101,7.622362301345092,3.1129674093485317e-16,19.026817752060477,12,12,0.18194601408802183
5,entanglement_local,Entanglement + local cost,22,3,23.721335589826975,1.2357006629882272,42.37710462880527,0.0,134.09209834010247,12,12,0.23948932307120677
5,entanglement_local,Entanglement + local cost,23,3,9.703873742462575,1.2540752425232675,13.738744488993543,0.0,41.17570131190184,12,12,0.1709756202031202
5,entanglement_local,Entanglement + local cost,24,3,6.561317552222904,4.294176025839414,7.554459291148966,0.0,23.779358083634087,12,12,0.13512545677615487
5,entanglement_local,Entanglement + local cost,25,3,7.588307661304067,5.09651372130542,8.457980021453558,0.0,26.527857841163687,12,12,0.1574009534045296
5,entanglement_local,Entanglement + local cost,26,3,16.025019280796762,1.3271051940463332,19.797908000027697,6.292605668463358e-16,51.64521955614011,12,12,0.26443629554916254
5,entanglement_local,Entanglement + local cost,27,3,3.379448469320637,0.6485500653274765,5.521687710150548,0.0,18.056917770118496,12,12,0.06716631261195044
5,entanglement_local,Entanglement + local cost,28,3,8.056011024919366,5.00629643245699,9.204851644411013,0.0,24.5096628952867,12,12,0.16505323347060433
5,entanglement_local,Entanglement + local cost,29,3,14.65670838334133,1.0068533399779858,30.532659225115612,6.281016861629315e-16,111.54029938516298,12,12,0.18520919340711106
5,entanglement_local,Entanglement + local cost,30,3,10.603312239688085,1.4255906259957913,18.756203691129514,0.0,67.40216973862599,12,12,0.17227434069209083
5,entanglement_local,Entanglement + local cost,31,3,9.89571083236905,5.480968133476319,11.629694721211596,6.211100040392071e-16,37.6823753453817,12,12,0.1931604056626187
5,entanglement_local,Entanglement + local cost,32,3,5.983925950880093,1.8197738156812626,12.099232129458239,0.0,44.80513419812716,12,12,0.10608475827290154
5,entanglement_local,Entanglement + local cost,33,3,31.213345463273566,1.0961838862226803,56.81267275018868,0.0,178.400917887529,12,12,0.2493769269490531
5,entanglement_local,Entanglement + local cost,34,3,19.766026886757988,2.2981542714143894,33.79295020316588,0.0,92.10126024292207,12,12,0.22855490657847657
5,entanglement_local,Entanglement + local cost,35,3,6.264182264714157,2.2097734890562473,11.19902050364109,1.380674106866976e-15,41.34239348679641,12,12,0.11630006306400602
5,entanglement_local,Entanglement + local cost,36,3,7.473741476211657,5.437652434859908,8.0226013526886,0.0,22.582117890203367,12,12,0.15471178447558362
5,entanglement_local,Entanglement + local cost,37,3,11.29418490899677,7.574616485997742,11.963226314929514,0.0,35.887151041192,12,12,0.21777223451049488
5,entanglement_local,Entanglement + local cost,38,3,35.89379345889623,0.7187349809477541,72.75225044222086,0.0,205.58565441337055,12,12,0.22030279118129878
5,entanglement_local,Entanglement + local cost,39,3,8.23864256666181,3.582421334284228,10.091614756831975,0.0,25.316692032432645,12,12,0.16472678278701014
5,entanglement_local,Entanglement + local cost,40,3,9.372951186256486,2.628267713464116,14.588185757599982,6.309317429500181e-16,52.62039291927387,12,12,0.16908471136298867
5,entanglement_local,Entanglement + local cost,41,3,17.688654573720974,4.770891674004048,22.591688287121123,0.0,58.2023889221218,12,12,0.2633038577105459
5,entanglement_local,Entanglement + local cost,42,3,10.142981699546441,0.6438153344004327,23.386196374537402,0.0,85.95779226368276,12,12,0.1380070093303713
5,entanglement_local,Entanglement + local cost,43,3,22.106768707915762,0.34808388710126714,53.02665781510819,0.0,193.59409028538562,12,12,0.1912290424220647
5,entanglement_local,Entanglement + local cost,44,3,3.6874599189740156,2.1909018455214464,4.130347082451571,0.0,11.726614851979509,12,12,0.06428370694811857
5,entanglement_local,Entanglement + local cost,45,3,13.220113556889807,3.9209085614768986,18.497604413588626,0.0,54.663998240941915,12,12,0.22273183709443456
5,entanglement_local,Entanglement + local cost,46,3,9.300766838141492,8.641214140028135,9.040613333141444,0.0,26.11679473438715,12,12,0.19162357605635025
5,entanglement_local,Entanglement + local cost,47,3,7.233133804187354,1.099689699401774,12.236201481750362,0.0,38.39347858874307,12,12,0.13199014880010146
5,entanglement_local,Entanglement + local cost,48,3,10.294626426206168,3.103401763538688,15.904718472299761,0.0,47.0830787916359,12,12,0.1798332994044802
5,entanglement_local,Entanglement + local cost,49,3,5.4281607998217405,3.260282194533131,6.951167056079684,0.0,24.246466605052937,12,12,0.10792191273463643
6,entanglement_residual,Entanglement + residual,0,3,10.913409989457053,5.380061087148029,10.937536341510548,0.7025570854793232,32.851823669804425,15,14,1.4620766676214094
6,entanglement_residual,Entanglement + residual,1,3,10.038694363305497,4.379128328201207,12.05067229816438,2.2062824481435745,47.51811590885196,15,14,1.3641597602721194
6,entanglement_residual,Entanglement + residual,2,3,10.537778813889263,3.5428974776331335,15.997729978852826,0.18974731826901828,50.87035887147404,15,14,1.602485547491458
6,entanglement_residual,Entanglement + residual,3,3,9.799779548300872,6.440169939219016,8.148313914526268,0.5157907478965139,25.17412843062459,15,14,2.123080247424267
6,entanglement_residual,Entanglement + residual,4,3,18.828242601984897,12.68914298895999,21.532321703040143,0.14543698053394763,80.95202315556172,15,14,3.326713176009898
6,entanglement_residual,Entanglement + residual,5,3,13.07102025291753,6.103102033100114,13.68015627670238,0.28102777014094593,43.80125022397984,15,14,3.5155999451806283
6,entanglement_residual,Entanglement + residual,6,3,9.553324273544709,5.590330231369233,9.882634465707378,1.0000716673023793,32.58447585442715,15,14,1.9276571321181757
6,entanglement_residual,Entanglement + residual,7,3,7.970063205882712,6.364004217235662,7.322380687037129,0.3553002526917558,24.725715698023237,15,14,1.2698950753712217
6,entanglement_residual,Entanglement + residual,8,3,8.449251884020912,5.89195862799175,7.022001266041446,0.8026548749866038,24.88054285758736,15,14,1.436519724098493
6,entanglement_residual,Entanglement + residual,9,3,12.611007723930399,11.40444613868229,8.551345948095701,0.7625493064530844,25.121020035407845,15,14,3.3484753795398916
6,entanglement_residual,Entanglement + residual,10,3,8.94985788079992,3.327208159163934,11.969038662387328,0.23116607399032818,37.81234903734907,15,14,1.6606502877184441
6,entanglement_residual,Entanglement + residual,11,3,12.850508802463114,9.787923903248615,10.34550767311154,2.3234362103258106,37.8362860068458,15,14,1.0801732385528098
6,entanglement_residual,Entanglement + residual,12,3,11.136065055622286,5.241155586621504,11.892221712115488,0.7119311774295414,43.27166873045435,15,14,1.5321249624944353
6,entanglement_residual,Entanglement + residual,13,3,10.058274782093394,5.1459821894618525,10.260151936815433,0.2890692089671736,34.35704097180636,15,14,2.1055247696136576
6,entanglement_residual,Entanglement + residual,14,3,7.389880406853043,3.385059394831701,9.730294258090996,0.11948183173637,36.00511384398224,15,14,1.4665268967571248
6,entanglement_residual,Entanglement + residual,15,3,11.258043270966828,2.239163123788268,13.876541221070111,0.7260954914732113,38.64867196600388,15,14,1.9524136941327528
6,entanglement_residual,Entanglement + residual,16,3,17.401179501003735,13.257345500626528,15.752636408171822,0.4797593233161978,46.86963195130386,15,14,3.65936741074662
6,entanglement_residual,Entanglement + residual,17,3,7.382952082851747,4.317062723810538,6.6785405381654765,0.5704702845871392,23.37216760382691,15,14,1.7652192537945308
6,entanglement_residual,Entanglement + residual,18,3,10.093786877514244,5.795736242677241,9.705112635265898,0.44262002342732976,28.832006452194022,15,14,2.401811020505425
6,entanglement_residual,Entanglement + residual,19,3,10.656974700341104,7.28362852487024,10.024571720792204,1.1944289175288187,38.431714004550464,15,14,2.009298457032143
6,entanglement_residual,Entanglement + residual,20,3,10.75176398312666,5.529624645565059,10.739229147921876,0.03152372879568183,38.05785467135404,15,14,0.6978608850826101
6,entanglement_residual,Entanglement + residual,21,3,12.295476162815122,7.776440610207212,13.522684205577148,0.06043262016143068,49.2741578590973,15,14,2.6218854231264834
6,entanglement_residual,Entanglement + residual,22,3,10.784751028915252,6.382253714367102,8.39973986983873,0.7092480117299402,27.54498342542116,15,14,1.154432155191841
6,entanglement_residual,Entanglement + residual,23,3,9.738183259638935,6.715549211195976,8.191759377218133,0.6728974113001035,26.91400948106804,15,14,1.3820162459305727
6,entanglement_residual,Entanglement + residual,24,3,8.276092223015281,8.578287563614765,6.967065897891145,0.10886380738414626,25.241973804342933,15,14,1.5129148485927193
6,entanglement_residual,Entanglement + residual,25,3,10.121453699305968,5.544088707348842,14.085014370596184,0.2427729877759988,54.35640858547802,15,14,1.67282402585347
6,entanglement_residual,Entanglement + residual,26,3,13.013000615218848,8.525683571112605,11.583504425201701,4.109171700107626,40.638988729110274,15,14,1.5869036572403805
6,entanglement_residual,Entanglement + residual,27,3,6.8236171345648104,3.613517792082325,6.629891580165102,1.455178603154716,23.21307708986055,15,14,1.660326631290556
6,entanglement_residual,Entanglement + residual,28,3,10.978621581551112,9.106866683305755,10.540943160466353,1.0319978840380963,38.75177057498429,15,14,2.2914488456825466
6,entanglement_residual,Entanglement + residual,29,3,12.246333249294414,8.566886493965736,11.963890873708063,1.509232824362823,47.404486530372395,15,14,1.653445323669093
6,entanglement_residual,Entanglement + residual,30,3,12.205904235992884,7.775696996003417,10.562236289803465,1.9848242751669853,34.872019267865255,15,14,1.9841991010339035
6,entanglement_residual,Entanglement + residual,31,3,11.237649208997366,7.91485318455368,9.121474793879091,1.1822379002728651,32.28063331343092,15,14,1.369909155104755
6,entanglement_residual,Entanglement + residual,32,3,4.134136157457361,3.145166909169024,2.8730332360476374,0.8072001117772974,11.067038405118234,15,14,1.0666679956055243
6,entanglement_residual,Entanglement + residual,33,3,10.763268439893531,5.661799863637015,11.488673105664686,1.9931112738903458,47.136543559575586,15,14,0.9011411793823295
6,entanglement_residual,Entanglement + residual,34,3,13.003146994938618,6.395424554816552,12.50958697080659,1.6548331708130957,35.66633723779674,15,14,1.912301977672833
6,entanglement_residual,Entanglement + residual,35,3,7.0827922382431225,4.051655364911797,10.109369002909501,0.6423537798109075,40.82746003518353,15,14,0.7045576397475803
6,entanglement_residual,Entanglement + residual,36,3,5.173230937649895,3.3271058601534413,5.113416494310773,0.7120607227400649,20.385374684968088,15,14,1.251632086060036
6,entanglement_residual,Entanglement + residual,37,3,11.181820042670441,4.384475097740091,12.913980700366137,1.1544637059949976,43.199669848762206,15,14,1.9648940482301713
6,entanglement_residual,Entanglement + residual,38,3,11.270784171488355,4.686732659768554,14.134003552802142,0.14133991589293726,52.95830858836842,15,14,1.7307959188304276
6,entanglement_residual,Entanglement + residual,39,3,12.546587431039189,9.06320814744172,11.786891574721047,0.21657186039582824,39.38386492295126,15,14,1.098871303380823
6,entanglement_residual,Entanglement + residual,40,3,10.692907581813904,10.76062957441668,9.867331528106785,0.09132647747090908,35.47914303774208,15,14,0.6681668168580096
6,entanglement_residual,Entanglement + residual,41,3,9.17785211100419,6.564306382587674,10.064618289705786,0.0775499594845797,42.192302903481064,15,14,1.2883390821323537
6,entanglement_residual,Entanglement + residual,42,3,6.657339117996362,5.712911389771504,5.336453913047188,0.24510593232134245,16.29600671709908,15,14,1.4292884684170382
6,entanglement_residual,Entanglement + residual,43,3,9.645705874505408,7.8389520662212355,9.516911042322088,0.02226126336964909,38.53554051753694,15,14,1.2270377232042369
6,entanglement_residual,Entanglement + residual,44,3,14.76113319640552,14.919172823595321,10.019063386424564,0.17283113910073164,33.84534652463932,15,14,3.311225208450181
6,entanglement_residual,Entanglement + residual,45,3,13.583372864762868,4.029447833880782,20.864164691402717,0.4010605406099691,67.84467804848722,15,14,2.948292295790424
6,entanglement_residual,Entanglement + residual,46,3,12.44739824984874,5.549690179362944,10.906455218512734,0.962634416697233,29.681995979919336,15,14,2.023215120483068
6,entanglement_residual,Entanglement + residual,47,3,13.584621491968589,9.104720640188068,13.354370252249627,0.6300742643963424,44.1884926443056,15,14,2.483677570722213
6,entanglement_residual,Entanglement + residual,48,3,11.14784750203595,8.326123527054808,9.046920650084532,1.1489257361637852,32.61966239317024,15,14,1.1603848709258249
6,entanglement_residual,Entanglement + residual,49,3,10.56653378506741,9.730043490489788,8.33552109534495,0.01932497687538916,27.94494906495889,15,14,2.7126979643234064
7,combined,Combined (A+B+C),0,3,12.374879740007332,8.030171212197661,12.504253737837315,0.0,37.885737874087724,15,14,1.6517673045096275
7,combined,Combined (A+B+C),1,3,10.823111299181893,6.741976532688991,15.091798589964812,0.0,59.584694225548105,15,14,1.416964037131113
7,combined,Combined (A+B+C),2,3,10.854073762726724,4.954352548888208,16.306810613307846,0.0,53.199044411343614,15,14,1.6393042503659232
7,combined,Combined (A+B+C),3,3,8.582193907300434,5.752725646267,8.281064083800274,0.0,25.76345218356837,15,14,1.8378750774456813
7,combined,Combined (A+B+C),4,3,17.184742861953726,14.393966404333838,21.34062141876046,0.0,80.95202315556172,15,14,2.9237841578286186
7,combined,Combined (A+B+C),5,3,13.315239165644309,7.4482335945365445,13.785286422689895,0.0,41.52398980197535,15,14,3.5785087022617272
7,combined,Combined (A+B+C),6,3,10.152621608400787,4.954398652958898,12.537259682332126,0.0,41.880685118966504,15,14,2.0043344073788867
7,combined,Combined (A+B+C),7,3,7.252053764154821,5.824396390682916,7.128910553428167,0.0,19.322091952801916,15,14,1.1420121001578805
7,combined,Combined (A+B+C),8,3,6.860842246083812,5.24745521940887,7.622793537790265,0.0,24.88054285758736,15,14,1.136517577271413
7,combined,Combined (A+B+C),9,3,11.833202286848328,13.30798665920808,8.797026574195622,0.0,27.441907457839466,15,14,3.116189398441209
7,combined,Combined (A+B+C),10,3,9.451405695699366,3.9548951296932477,13.065570035469575,0.0,37.81234903734907,15,14,1.7293305224142492
7,combined,Combined (A+B+C),11,3,9.936373009467916,7.512226795240872,10.49692112767741,0.0,37.8362860068458,15,14,0.8215420649971483
7,combined,Combined (A+B+C),12,3,10.19278405532869,4.757606258522131,14.7269664034355,0.0,58.44675202673307,15,14,1.3538966989183523
7,combined,Combined (A+B+C),13,3,11.007314045017702,6.894935796021816,11.523480763486484,0.0,39.64908435020651,15,14,2.27543109490856
7,combined,Combined (A+B+C),14,3,6.571012496238549,1.892851313467458,10.771318996701886,0.0,41.46838637006017,15,14,1.2830534206138005
7,combined,Combined (A+B+C),15,3,11.57065889992371,2.5919896332411456,15.807558735160619,0.0,45.662432765320034,15,14,1.9789592025102059
7,combined,Combined (A+B+C),16,3,16.832857699043263,12.983070097485466,15.618567655254862,0.0,46.86963195130386,15,14,3.508732757814129
7,combined,Combined (A+B+C),17,3,6.605502794362242,3.9689418249434434,6.823760961624495,0.0,20.272100866867525,15,14,1.5682198611633593
7,combined,Combined (A+B+C),18,3,10.408074921873476,6.375471174089332,10.804559244504912,0.0,31.051618774567043,15,14,2.459880902908074
7,combined,Combined (A+B+C),19,3,9.909617953675873,6.198412261436108,11.127468359014715,0.0,38.431714004550464,15,14,1.822557129221694
7,combined,Combined (A+B+C),20,3,3.1415714845791345,2.807718070880871,3.0922406799965882,0.0,10.135177588502899,15,14,0.37163483016521376
7,combined,Combined (A+B+C),21,3,11.371983741565652,7.776440610207212,13.088607077063742,0.0,48.416486308075505,15,14,2.4077178252737457
7,combined,Combined (A+B+C),22,3,6.9371635300978,8.272675794470938,6.181143432021112,0.0,18.673563832289332,15,14,0.7874048043378904
7,combined,Combined (A+B+C),23,3,6.347539915280303,2.371775003462888,8.040806695710863,0.0,25.062468836103736,15,14,0.9395358887903655
7,combined,Combined (A+B+C),24,3,7.138990659143405,7.620344013847071,6.746223060319877,0.0,25.241973804342933,15,14,1.3028012060228373
7,combined,Combined (A+B+C),25,3,8.938757707727232,2.564385304492717,13.702509108240022,0.0,50.1361991075141,15,14,1.4235902279340185
7,combined,Combined (A+B+C),26,3,9.10730438047545,6.41268684198792,10.325431747999902,0.0,36.411714749201586,15,14,1.1141671909259556
7,combined,Combined (A+B+C),27,3,4.980999398981133,2.0610999420610483,6.51093739243504,0.0,21.791135521429702,15,14,1.2460022462061464
7,combined,Combined (A+B+C),28,3,10.419900223104886,9.2734215422274,10.247174139421325,0.0,33.80777127764918,15,14,2.1423734205071088
7,combined,Combined (A+B+C),29,3,11.65231172908584,6.937043904507243,12.53074787538688,0.0,47.404486530372395,15,14,1.5207217269123219
7,combined,Combined (A+B+C),30,3,7.39240060022266,2.97262527683085,9.732499678327088,0.0,29.399065881657787,15,14,1.2443182072069756
7,combined,Combined (A+B+C),31,3,9.38455962737903,5.70857205320325,9.029806406782535,0.0,32.28063331343092,15,14,1.1348657180623227
7,combined,Combined (A+B+C),32,3,3.0229707080491695,1.8909633501725838,3.020900838025926,0.0,8.669203390362574,15,14,0.8200548539450295
7,combined,Combined (A+B+C),33,3,9.791449963953083,7.182968846413289,10.239120643812651,0.0,32.63130136819267,15,14,0.8196901974074232
7,combined,Combined (A+B+C),34,3,12.27647058788275,6.087727331873273,12.452347185070218,0.0,35.66633723779674,15,14,1.7373226178913077
7,combined,Combined (A+B+C),35,3,6.71013890169277,2.1549142620758834,10.937633049057615,0.0,40.82746003518353,15,14,0.6575040252159553
7,combined,Combined (A+B+C),36,3,4.130678037551169,2.8919768691035412,4.601440854370344,0.0,17.45977347649316,15,14,1.014166472129927
7,combined,Combined (A+B+C),37,3,11.029983819430424,6.011564205601861,13.874623065871184,0.0,49.062898227879465,15,14,1.8998944483250984
7,combined,Combined (A+B+C),38,3,10.92929060725335,6.855761087270595,12.24088844202661,0.0,45.16692496600867,15,14,1.6637397933857965
7,combined,Combined (A+B+C),39,3,5.264175296366764,3.905403719350639,4.743530369021459,0.0,15.292849866088327,15,14,0.569545411146208
7,combined,Combined (A+B+C),40,3,11.08894865185421,6.416796170865,12.708079722458937,0.0,39.657949025729735,15,14,0.5750302535018091
7,combined,Combined (A+B+C),41,3,8.933735968278121,5.065983836443043,10.81078781399242,0.0,42.192302903481064,15,14,1.2328449066519886
7,combined,Combined (A+B+C),42,3,5.141883001904749,4.359753245552776,4.971988470184936,0.0,14.359439361811507,15,14,1.1228987511120336
7,combined,Combined (A+B+C),43,3,7.22559665655134,6.642954394484511,5.886866836375277,0.0,19.613698676025926,15,14,0.9451456191609393
7,combined,Combined (A+B+C),44,3,13.151897679802216,13.209125847628844,10.44897882634432,0.0,34.16443244709646,15,14,2.8950858182962604
7,combined,Combined (A+B+C),45,3,12.092071959770712,3.72215398679987,18.209087156316837,0.0,58.67721356476516,15,14,2.625340317489153
7,combined,Combined (A+B+C),46,3,11.119962863024552,9.669032166976223,9.731401772986649,0.0,29.07896355360854,15,14,1.7879555991108969
7,combined,Combined (A+B+C),47,3,12.964581627820028,7.417738085130197,14.813783069266048,0.0,48.61413096283248,15,14,2.3030434670018973
7,combined,Combined (A+B+C),48,3,11.338827665032609,9.45890103741385,10.951584941459135,0.0,40.766473999576505,15,14,1.1261130337536296
7,combined,Combined (A+B+C),49,3,10.441114648224856,10.60733244558726,8.419496252119625,0.0,25.789172918268903,15,14,2.6576468782142686
